segment,price,competitor_price,promotion,units_sold
Premium,23.9,25.24,0,128
Regular,15.56,16.21,0,126
Regular,15.47,13.93,1,140
Student,10.48,10.34,0,89
Premium,23.94,26.21,0,120
Regular,13.74,13.78,0,140
Premium,25.83,25.57,0,128
Student,8.8,9.12,0,146
Premium,27.26,25.48,0,120
Regular,12.47,12.52,0,163
Regular,10.64,11.55,1,188
Premium,24.77,24.22,0,116
Student,10.92,11.15,0,103
Student,11.16,11.67,1,128
Student,10.42,11.28,1,141
Regular,14.51,15.0,0,114
Regular,14.86,13.73,1,160
Student,8.13,7.73,0,187
Premium,24.2,22.3,0,120
Premium,30.27,31.45,0,99
Premium,27.96,26.44,0,108
Premium,26.41,27.07,0,121
Student,10.51,9.85,1,135
Premium,23.45,22.78,1,142
Student,9.22,9.81,1,142
Premium,25.25,25.17,0,104
Regular,15.91,15.35,0,110
Student,8.67,8.24,0,152
Premium,21.16,20.25,0,127
Student,9.87,8.95,0,127
Student,8.85,8.83,1,171
Premium,27.29,25.86,1,149
Student,12.81,12.9,0,87
Student,10.06,10.45,1,125
Premium,26.44,28.08,0,106
Premium,26.07,25.48,1,128
Student,12.34,11.62,0,89
Regular,16.63,17.69,0,93
Student,9.35,10.09,1,159
Premium,23.8,24.75,1,134
Regular,16.24,14.89,0,123
Regular,16.71,16.28,1,150
Student,13.73,14.15,0,71
Student,9.99,9.35,0,115
Premium,23.08,23.28,0,137
Regular,13.22,14.47,0,126
Regular,14.72,14.28,0,133
Premium,22.19,23.18,0,125
Premium,24.98,23.88,1,146
Student,9.74,9.84,0,130
Student,9.57,8.98,0,123
Premium,25.43,27.65,0,104
Regular,15.46,16.98,0,106
Premium,22.95,24.55,0,109
Regular,12.24,13.0,1,163
Student,8.53,7.69,0,162
Student,9.67,8.8,1,142
Premium,23.45,23.82,0,120
Student,10.3,9.79,0,115
Premium,23.21,23.31,1,143
Student,12.42,11.66,0,80
Premium,27.73,30.37,0,124
Regular,14.79,14.59,1,139
Regular,16.01,15.72,0,121
Student,6.9,6.34,0,225
Student,10.75,10.99,0,122
Regular,17.53,15.83,0,93
Student,9.44,10.35,0,125
Regular,16.4,15.9,0,115
Student,13.26,13.62,0,61
Premium,31.37,32.52,0,110
Premium,27.34,28.31,0,121
Student,14.27,15.53,0,50
Student,7.71,7.36,0,202
Regular,14.03,13.52,1,158
Regular,12.52,12.51,0,134
Regular,16.8,17.59,1,131
Student,5.57,5.65,0,391
Premium,21.42,22.6,0,112
Regular,11.93,12.36,1,191
Premium,27.61,26.62,1,138
Student,9.18,10.02,0,153
Premium,23.29,21.39,0,123
Premium,24.31,26.41,1,149
Regular,10.82,11.66,0,202
Regular,15.18,16.21,0,119
Regular,16.77,15.58,0,103
Regular,17.31,18.86,1,117
Regular,14.67,14.31,1,175
Regular,14.4,14.31,0,125
Student,11.11,11.51,0,106
Student,7.11,7.63,0,203
Regular,11.21,10.19,1,210
Student,11.69,10.7,0,80
Student,9.14,9.37,0,167
Premium,29.38,28.07,0,103
Regular,12.3,11.72,0,140
Premium,25.68,24.7,1,169
Student,9.75,9.91,1,160
Regular,17.36,19.05,0,97
Student,8.77,9.35,0,173
Student,5.1,4.87,0,366
Regular,15.68,16.46,1,163
Premium,24.1,23.86,0,129
Premium,23.26,25.02,1,138
Regular,13.34,13.8,0,132
Regular,13.96,14.84,1,169
Regular,14.5,13.44,0,136
Premium,26.19,27.79,1,158
Regular,17.12,16.75,0,85
Premium,25.72,25.47,1,166
Regular,16.96,18.48,0,108
Student,6.59,6.54,1,303
Student,7.7,7.82,0,180
Premium,22.8,22.1,1,156
Premium,25.94,26.47,0,118
Student,8.94,8.36,0,135
Student,5.71,6.16,0,345
Regular,14.8,15.69,0,122
Premium,22.55,22.0,0,125
Student,10.36,11.37,0,103
Regular,16.54,16.64,1,119
Regular,16.15,16.19,0,114
Student,9.28,9.09,0,149
Premium,24.63,23.75,0,120
Regular,11.88,11.51,0,158
Regular,14.98,13.74,0,137
Regular,19.17,19.42,0,104
Student,12.79,12.97,0,66
Student,10.99,9.91,0,99
Regular,13.7,12.84,0,126
Premium,25.35,27.47,0,130
Regular,13.55,14.01,1,152
Premium,21.51,22.97,0,160
Regular,13.47,13.49,0,110
Premium,26.97,24.74,0,125
Premium,30.57,27.83,0,92
Regular,18.99,17.86,0,110
Student,9.86,10.07,1,132
Premium,25.34,23.72,0,120
Regular,16.06,17.02,1,142
Student,11.09,11.14,0,109
Student,13.42,13.29,1,91
Premium,26.42,26.1,0,143
Student,9.52,9.6,1,170
Premium,20.42,19.74,1,178
Regular,15.68,16.06,0,109
Premium,26.66,28.15,0,128
Regular,14.9,15.66,0,143
Student,9.46,10.02,0,119
Premium,27.83,25.11,0,109
Regular,13.45,12.59,1,142
Regular,14.19,13.59,0,109
Regular,15.36,15.7,0,147
Premium,25.22,26.21,1,153
Premium,25.5,26.04,0,105
Student,8.75,8.2,1,174
Student,10.11,10.29,0,130
Student,8.41,8.89,0,174
Premium,26.7,28.94,0,89
Regular,16.68,16.97,0,106
Premium,24.51,24.5,0,117
Student,12.16,12.48,0,68
Student,10.89,10.8,0,103
Regular,20.15,18.41,1,104
Premium,23.87,23.72,0,136
Student,15.14,13.82,1,60
Premium,29.86,29.75,0,133
Premium,24.31,26.07,1,140
Regular,16.67,16.37,0,92
Regular,14.49,14.64,0,137
Premium,25.2,23.58,0,118
Premium,26.72,29.33,0,124
Regular,14.28,14.76,0,141
Premium,23.79,24.42,1,143
Student,6.66,7.18,1,352
Premium,23.59,24.02,0,105
Student,12.37,12.03,1,91
Premium,26.94,28.56,0,116
Premium,28.4,29.53,0,115
Student,10.34,11.34,0,110
Student,12.21,13.0,0,93
Regular,11.74,11.87,0,165
Regular,13.88,12.88,0,134
Premium,25.51,26.02,0,130
Premium,27.37,26.85,1,142
Regular,14.3,14.6,0,128
Student,9.55,10.34,1,175
Premium,24.74,26.99,0,127
Student,10.6,9.88,1,107
Student,15.12,14.62,1,67
Student,7.46,7.33,1,211
Regular,13.41,12.28,0,134
Premium,26.24,25.51,0,99
Premium,25.44,23.34,1,170
Premium,26.63,27.48,0,124
Regular,17.71,16.12,0,110
Regular,12.5,12.03,0,184
Premium,25.89,28.33,1,138
Regular,17.71,18.22,0,72
Premium,23.29,25.08,0,157
Regular,14.48,13.95,0,126
Student,12.46,12.51,0,87
Regular,12.81,14.07,0,108
Student,11.43,12.11,1,113
Student,8.97,8.93,0,166
Premium,23.39,22.62,0,120
Student,9.16,8.89,0,136
Regular,11.13,11.53,0,146
Regular,13.7,13.94,1,171
Premium,24.9,25.46,0,128
Premium,27.28,25.81,1,134
Regular,13.72,12.95,0,125
Premium,25.94,26.61,0,124
Student,9.25,9.73,0,121
Premium,23.9,22.58,0,129
Student,5.51,5.26,0,320
Premium,26.09,26.36,0,130
Premium,25.09,27.41,0,112
Student,10.09,10.91,0,130
Regular,17.21,18.02,0,104
Student,9.47,9.16,0,128
Student,12.02,12.63,0,99
Premium,24.92,26.81,0,126
Premium,25.46,22.92,0,117
Student,9.55,9.14,0,130
Student,8.02,7.82,0,181
Student,9.38,9.87,0,137
Regular,17.42,18.93,0,87
Regular,16.5,16.41,0,118
Premium,23.83,24.53,0,145
Premium,27.27,25.92,0,110
Regular,12.1,11.29,1,142
Student,11.67,12.31,0,86
Premium,24.56,26.74,0,106
Premium,21.31,20.55,1,144
Regular,12.5,13.41,0,167
Regular,14.68,14.77,0,108
Student,10.39,11.01,0,119
Regular,18.28,17.36,0,111
Student,10.89,10.51,0,92
Premium,28.93,28.33,1,130
Regular,17.05,18.28,1,111
Premium,23.07,21.88,1,147
Premium,29.8,31.01,0,111
Regular,15.42,14.15,0,92
Student,9.06,8.74,1,190
Regular,16.98,15.96,0,111
Student,10.42,10.66,0,121
Student,11.4,11.89,1,118
Regular,14.33,14.79,0,156
Regular,14.6,15.02,0,139
Regular,18.37,18.71,0,91
Student,9.36,10.25,0,140
Student,11.24,11.24,0,108
Regular,12.38,12.49,0,165
Regular,12.26,12.06,0,142
Premium,27.18,28.41,1,137
Student,7.55,8.29,0,169
Student,15.19,13.76,0,58
Regular,17.63,18.18,1,125
Regular,17.95,18.79,0,112
Regular,13.9,15.21,0,121
Student,9.79,9.0,0,115
Regular,10.53,10.73,0,181
Premium,23.25,24.91,0,103
Student,9.06,9.91,0,148
Premium,24.7,23.86,0,132
Regular,14.67,14.93,1,130
Student,9.3,8.44,1,158
Student,12.99,13.52,0,76
Premium,24.39,22.5,0,125
Regular,14.36,13.07,0,120
Premium,26.47,25.5,0,116
Regular,13.24,13.19,0,159
Regular,15.28,16.4,0,122
Premium,20.76,20.89,0,133
Regular,17.22,16.19,0,92
Regular,16.2,15.09,0,101
Premium,26.09,27.85,1,128
Regular,15.37,16.2,0,118
Student,12.21,11.52,0,93
Student,11.68,11.33,0,107
Regular,16.6,18.24,1,123
Student,13.23,14.23,0,75
Regular,14.78,15.97,1,157
Premium,27.58,25.49,0,112
Student,12.22,12.49,0,71
Premium,23.02,21.81,0,97
Regular,15.34,15.86,0,108
Regular,21.28,23.2,1,98
Student,10.18,9.66,0,102
Premium,26.36,27.51,1,149
Student,9.46,10.21,0,149
Premium,25.21,22.99,1,142
Regular,14.07,14.4,0,123
Regular,16.94,17.07,0,98
Regular,13.02,12.79,0,153
Premium,23.92,22.94,1,154
Student,12.79,12.92,0,76
Regular,15.49,15.78,1,170
Premium,22.19,23.7,1,177
Student,11.49,10.97,1,104
Premium,23.65,24.24,0,126
Regular,14.11,15.15,0,120
Student,12.45,12.57,0,94
Regular,13.91,12.91,0,132
Premium,23.39,23.05,1,172
Student,10.78,10.43,1,140
Student,7.8,7.57,0,174
Student,10.99,10.04,0,111
Regular,18.38,17.39,0,104
Regular,16.39,17.15,0,130
Regular,16.12,15.07,0,111
Student,9.35,9.21,1,143
Student,5.33,4.92,1,424
Regular,17.43,17.5,0,103
Regular,15.85,16.19,0,116
Regular,13.64,13.32,0,117
Student,6.33,6.2,0,287
Regular,16.67,16.66,1,128
Student,10.05,9.84,0,89
Student,11.84,12.71,1,103
Premium,23.99,23.52,0,119
Regular,16.42,16.67,0,109
Student,9.95,10.16,1,157
Student,10.57,11.26,0,107
Regular,16.02,15.8,0,112
Regular,14.25,15.25,0,134
Premium,28.06,26.11,0,128
Premium,23.87,23.8,1,137
Premium,23.87,22.06,0,117
Premium,26.1,26.72,0,107
Student,8.53,7.97,0,148
Regular,12.91,13.91,0,138
Student,10.76,10.72,0,82
Student,8.85,8.0,0,110
Regular,13.01,13.32,0,148
Regular,13.01,13.13,0,139
Premium,24.22,24.95,1,153
Student,8.25,8.72,1,157
Student,10.58,11.52,1,120
Student,10.65,10.12,1,126
Premium,20.14,19.94,0,129
Student,10.06,9.36,1,131
Student,8.79,7.98,1,180
Student,8.4,8.06,0,185
Premium,22.85,23.08,1,122
Regular,16.21,15.83,0,124
Student,8.28,7.57,1,184
Premium,23.71,25.99,0,133
Student,10.08,10.31,0,128
Regular,16.11,15.22,0,108
Premium,20.67,19.28,0,142
Student,9.91,8.94,1,176
Regular,15.61,16.69,1,141
Regular,12.52,13.72,1,186
Regular,16.33,15.28,0,122
Premium,25.59,26.76,0,98
Student,11.63,10.96,0,96
Student,12.96,13.59,0,71
Regular,18.62,20.01,0,100
Student,9.72,8.77,0,110
Student,9.29,8.72,1,174
Regular,15.52,16.24,0,99
Premium,23.03,23.21,0,142
Regular,13.43,14.66,0,144
Premium,26.27,26.11,0,123
Regular,13.37,13.96,1,129
Premium,25.79,23.22,0,108
Regular,11.95,12.65,0,173
Premium,25.06,26.18,0,132
Regular,18.72,19.11,0,111
Regular,14.39,13.88,0,126
Premium,24.66,26.07,1,138
Premium,25.16,24.52,0,135
Student,8.31,7.85,0,165
Premium,26.55,25.49,0,127
Regular,17.44,16.11,0,107
Regular,16.7,18.2,0,115
Student,11.44,11.64,0,109
Premium,25.65,24.42,0,117
Premium,23.62,23.53,0,95
Student,11.82,10.76,1,121
Premium,28.32,29.82,0,108
Student,11.53,12.58,0,104
Regular,13.05,12.39,1,152
Regular,16.83,16.66,1,116
Student,8.95,8.17,1,175
Student,7.37,7.77,0,185
Premium,25.13,27.33,0,125
Regular,16.59,15.59,0,93
Premium,25.61,28.0,0,117
Student,9.15,8.69,1,159
Premium,25.75,24.35,0,119
Premium,25.35,25.57,0,114
Regular,14.53,13.49,0,138
Student,9.1,8.94,0,170
Regular,16.89,15.58,0,98
Premium,23.71,22.12,0,112
Regular,15.72,14.66,0,104
Student,10.63,11.21,0,107
Student,9.46,9.05,0,123
Premium,25.6,27.25,0,109
Premium,22.29,20.89,0,122
Student,13.75,14.57,0,74
Regular,12.56,13.05,1,177
Premium,21.87,23.61,0,143
Regular,14.33,13.42,1,145
Premium,27.01,29.54,1,130
Student,10.05,10.99,0,135
Premium,25.74,24.83,1,133
Regular,12.62,11.39,0,141
Student,8.95,9.8,0,128
Student,10.34,10.77,0,127
Premium,25.55,24.6,0,127
Regular,14.0,13.09,1,170
Regular,14.52,13.48,0,119
Premium,25.89,25.56,0,103
Student,9.79,10.73,0,139
Student,7.64,7.92,0,217
Premium,25.94,28.49,0,106
Premium,26.74,25.22,0,112
Student,11.03,11.85,1,122
Premium,26.72,24.05,0,120
Regular,11.59,12.44,0,123
Premium,27.62,27.5,0,110
Regular,14.56,15.6,0,129
Premium,26.08,27.85,1,154
Regular,13.13,13.99,0,154
Premium,22.06,20.38,0,122
Student,6.23,6.35,0,272
Premium,26.31,24.02,1,162
Regular,16.9,18.23,0,123
Premium,27.48,26.3,0,116
Premium,23.53,25.09,0,123
Student,10.36,9.39,1,158
Regular,15.38,15.43,0,128
Regular,17.95,18.32,1,114
Student,12.86,13.22,0,74
Regular,13.21,13.14,1,150
Premium,26.81,24.14,0,114
Regular,14.56,13.68,0,98
Student,14.97,15.08,1,64
Student,9.38,9.95,0,124
Regular,13.98,13.36,1,153
Student,8.23,7.98,0,174
Student,9.87,10.72,0,115
Premium,26.66,27.8,0,114
Student,9.03,8.59,0,146
Premium,24.25,25.05,1,154
Regular,15.39,15.54,1,128
Regular,17.27,16.97,0,94
Regular,17.35,15.65,0,84
Regular,15.9,16.67,0,100
Premium,22.71,20.49,0,126
Premium,23.33,22.86,1,146
Regular,11.08,11.59,0,179
Student,8.71,9.01,0,181
Student,10.52,9.94,0,121
Premium,21.36,21.71,0,118
Student,9.84,9.89,0,119
Student,9.19,9.67,1,169
Premium,25.1,25.79,0,117
Premium,25.87,23.81,1,160
Regular,15.54,15.73,0,128
Student,9.91,8.97,0,107
Premium,21.47,20.67,0,109
Student,11.12,10.27,1,115
Student,4.75,5.22,0,402
Student,6.92,6.7,0,198
Student,15.27,14.26,0,45
Premium,21.4,20.37,0,120
Student,14.07,13.32,1,78
Premium,25.59,28.15,0,104
Regular,9.94,10.92,1,219
Regular,18.92,17.79,0,103
Student,15.29,14.46,1,56
Student,6.62,6.57,0,280
Regular,14.28,15.12,0,130
Regular,15.04,13.82,1,152
Regular,11.45,10.96,0,181
Premium,25.48,25.44,0,90
Premium,24.79,24.51,0,131
Premium,26.11,24.55,0,118
Student,12.33,13.3,0,80
Regular,16.77,18.21,0,114
Premium,23.45,22.51,0,128
Regular,17.43,17.53,1,111
Premium,23.93,21.61,1,159
Student,8.77,7.9,1,185
Student,11.17,11.42,0,102
Student,8.08,8.38,0,193
Premium,23.42,24.86,1,143
Regular,15.78,14.56,1,146
Regular,11.78,11.15,0,144
Premium,24.69,26.7,0,129
Student,10.34,9.76,0,126
Premium,27.72,25.63,1,120
Premium,24.73,26.32,0,133
Regular,16.61,17.68,1,116
Regular,12.99,14.07,1,171
Premium,26.11,24.92,0,127
Student,10.0,9.09,0,119
Regular,15.38,15.28,0,127
Student,9.66,9.79,1,155
Regular,14.68,15.88,0,134
Premium,25.53,25.5,0,112
Premium,25.92,24.05,0,128
Premium,25.38,26.71,1,144
Premium,29.48,32.42,0,107
Regular,15.0,14.8,0,127
Regular,17.54,15.8,1,128
Student,12.47,13.34,0,78
Student,10.78,11.1,1,133
Premium,21.89,20.3,0,136
Regular,15.28,15.18,0,113
Student,8.24,7.51,0,146
Regular,13.15,13.64,0,140
Regular,14.54,14.52,0,111
Student,9.49,9.92,1,165
Regular,19.04,18.32,1,113
Premium,24.12,25.84,0,117
Regular,16.35,15.11,0,115
Student,12.49,11.8,0,73
Premium,26.18,28.17,0,141
Premium,25.74,24.66,0,132
Premium,24.21,22.89,0,119
Student,9.65,8.8,1,179
Student,10.38,10.69,0,94
Regular,12.48,11.72,0,137
Regular,14.08,13.45,1,167
Premium,25.88,27.48,1,127
Regular,14.47,15.6,1,122
Regular,15.9,15.89,0,114
Regular,11.62,12.23,0,147
Regular,13.94,13.31,1,159
Regular,12.38,12.28,0,151
Regular,12.15,11.06,1,176
Premium,25.9,24.56,1,147
Premium,19.82,21.62,0,131
Premium,26.65,24.92,0,116
Regular,15.85,16.67,0,113
Regular,13.08,13.45,0,151
Premium,25.61,27.33,1,157
Regular,14.02,14.06,1,162
Regular,14.13,14.08,0,127
Regular,21.99,21.91,0,67
Student,6.59,6.75,1,292
Student,6.06,6.25,0,322
Regular,13.39,14.61,0,146
Student,9.27,9.68,0,117
Student,13.23,12.65,0,73
Premium,27.84,29.64,1,130
Regular,15.82,14.83,0,98
Premium,25.18,24.5,0,115
Premium,19.79,21.02,1,161
Student,11.8,11.45,1,114
Regular,15.22,14.56,0,130
Student,11.91,11.99,0,68
Regular,17.73,16.67,0,91
Student,7.94,7.15,1,201
Regular,16.62,16.34,1,145
Regular,12.88,13.43,1,149
Regular,14.28,15.71,0,116
Regular,17.92,18.5,0,81
Premium,25.27,24.1,0,98
Regular,16.3,15.64,1,111
Student,12.91,13.45,0,78
Student,12.16,12.07,1,111
Premium,24.59,22.39,0,119
Regular,15.88,16.6,0,121
Premium,21.24,21.17,0,134
Regular,15.51,15.87,1,134
Premium,26.55,28.23,0,105
Student,5.33,5.13,0,422
Student,10.37,10.74,0,114
Regular,15.75,16.68,0,122
Premium,27.42,29.65,0,118
Student,6.45,6.2,0,275
Student,9.78,10.52,0,133
Premium,23.65,22.86,0,119
Premium,24.69,26.88,0,113
Regular,13.88,14.66,1,162
Student,9.41,8.99,0,126
Student,9.95,10.9,0,117
Regular,14.54,15.23,1,135
Student,10.19,9.32,0,99
Regular,11.51,11.02,0,158
Regular,15.57,14.55,1,123
Premium,28.53,28.29,0,106
Regular,17.38,17.76,0,112
Premium,27.04,29.46,0,119
Regular,12.41,13.5,0,155
Regular,12.11,11.02,0,173
Student,6.94,6.87,1,292
Student,9.23,9.55,1,173
Student,13.4,12.94,1,84
Student,9.74,9.27,0,136
Student,10.53,10.89,1,111
Student,10.72,9.68,0,111
Student,9.51,9.37,0,140
Student,8.84,9.64,1,184
Regular,14.73,14.09,1,111
Premium,27.83,29.15,0,122
Premium,24.21,22.79,1,167
Premium,23.43,25.28,0,106
Premium,29.28,27.81,1,125
Regular,21.52,19.99,1,96
Regular,13.9,13.74,0,141
Regular,13.62,13.6,1,160
Premium,26.96,24.33,0,104
Regular,14.44,13.2,0,121
Student,11.71,12.47,0,98
Student,13.74,13.07,1,65
Regular,15.96,15.35,1,141
Student,7.71,7.72,1,198
Student,11.28,10.33,1,112
Premium,25.73,26.64,1,137
Premium,20.27,18.3,0,116
Premium,23.02,23.91,0,130
Premium,28.19,30.24,0,109
Regular,15.75,15.26,0,92
Regular,17.24,15.92,0,121
Premium,22.24,20.99,1,142
Premium,20.82,20.52,0,147
Regular,17.98,16.91,0,93
Student,10.66,10.73,0,116
Student,11.52,11.38,1,111
Student,9.05,9.77,0,125
Student,12.06,12.48,0,88
Student,12.93,12.29,0,83
Student,12.49,13.29,1,97
Premium,24.22,24.37,0,113
Premium,23.4,22.88,1,146
Premium,23.21,21.08,0,115
Premium,25.99,23.74,0,118
Student,11.57,12.7,0,65
Student,6.25,5.9,0,296
Premium,23.23,22.62,0,141
Premium,26.3,26.22,0,104
Regular,15.54,14.19,1,159
Regular,17.41,16.89,0,129
Student,8.4,8.67,0,188
Regular,15.71,16.52,0,116
Regular,15.38,15.79,0,127
Regular,18.28,17.86,0,90
Student,8.48,8.35,1,180
Premium,23.18,24.67,0,142
Student,11.85,11.29,1,94
Regular,15.32,16.32,0,99
Regular,15.93,15.18,0,96
Premium,24.69,27.08,1,163
Regular,13.1,12.92,0,159
Premium,23.88,25.74,1,123
Regular,12.53,13.53,1,195
Premium,25.67,24.38,0,122
Regular,17.32,18.38,1,112
Student,14.9,14.32,0,51
Premium,24.92,26.33,0,118
Premium,24.53,22.15,0,114
Regular,12.94,11.99,0,156
Regular,19.02,20.41,0,101
Student,10.39,10.87,0,105
Student,7.29,7.43,1,240
Regular,17.78,18.25,0,84
Student,11.25,11.46,0,105
Premium,24.12,25.87,0,134
Premium,25.0,25.95,0,104
Student,10.19,10.7,1,128
Student,11.13,11.03,0,90
Student,9.64,9.55,0,111
Regular,13.04,12.78,0,182
Student,10.89,9.97,1,136
Premium,23.39,23.89,1,145
Regular,12.74,13.66,1,183
Premium,23.21,24.61,1,163
Student,10.51,11.51,0,118
Premium,24.11,23.37,0,125
Student,11.46,11.02,0,96
Regular,14.65,13.97,0,104
Premium,21.6,22.89,0,121
Student,9.03,8.59,0,139
Student,11.7,10.89,0,104
Regular,12.67,12.98,0,144
Regular,14.68,16.1,0,135
Premium,24.77,24.56,1,135
Regular,17.26,18.51,0,109
Premium,25.35,26.69,1,128
Regular,14.9,15.62,0,103
Regular,14.15,15.17,0,141
Premium,23.57,23.64,1,172
Student,13.81,13.78,0,78
Premium,25.19,24.08,0,121
Student,8.18,7.66,1,191
Regular,17.76,17.97,0,118
Regular,17.44,16.98,0,96
Student,11.04,10.68,1,140
Premium,23.64,25.41,0,114
Regular,16.34,16.67,0,124
Student,8.47,8.56,0,147
Regular,15.28,16.58,1,149
Student,5.52,5.81,0,275
Regular,15.16,15.78,1,165
Regular,17.34,16.2,0,98
Student,10.26,9.7,0,109
Regular,14.13,14.49,0,132
Student,12.4,11.56,0,79
Regular,13.7,13.61,1,141
Student,6.97,6.51,0,247
Regular,17.86,16.52,1,111
Regular,16.37,17.78,0,129
Regular,17.24,17.0,0,94
Student,8.59,7.78,1,166
Premium,25.24,25.73,0,114
Regular,16.75,17.08,0,90
Regular,13.07,14.28,0,125
Student,11.75,12.9,0,102
Premium,24.14,25.83,0,111
Student,11.28,10.29,0,94
Premium,25.17,23.89,0,83
Regular,15.53,14.83,0,123
Student,9.61,10.31,0,147
Premium,26.86,28.98,1,136
Premium,23.74,23.46,1,142
Premium,23.33,24.87,0,100
Regular,12.94,13.41,1,168
Regular,12.26,11.44,0,179
Student,9.18,8.66,0,138
Premium,28.82,31.12,0,122
Student,11.63,10.7,0,84
Student,13.03,11.81,0,79
Premium,25.52,24.48,1,125
Regular,17.74,16.08,1,115
Premium,25.05,23.64,1,137
Student,10.97,10.66,1,103
Student,9.02,8.21,0,150
Student,9.86,9.82,1,135
Regular,14.4,14.62,1,146
Student,6.26,6.8,0,268
Regular,14.72,15.02,1,135
Regular,12.71,13.11,1,167
Student,8.56,8.58,1,175
Premium,23.83,23.14,0,125
Regular,15.81,16.16,0,118
Premium,24.87,26.11,0,126
Regular,13.19,12.63,0,128
Regular,14.12,14.17,1,145
Premium,25.03,26.19,1,121
Student,5.49,5.29,0,329
Regular,15.4,15.95,0,135
Regular,14.4,15.36,0,128
Regular,14.21,14.97,0,123
Regular,14.89,14.93,0,135
Regular,14.55,13.89,0,123
Student,7.87,7.45,0,206
Regular,14.52,13.45,0,140
Premium,25.15,25.95,0,115
Student,8.07,7.37,1,198
Student,10.9,10.72,0,83
Student,6.5,6.89,1,374
Regular,13.32,12.03,0,133
Regular,14.92,15.91,1,143
Premium,24.25,26.04,1,138
Regular,14.68,15.73,1,147
Regular,13.62,12.93,0,147
Student,9.76,8.9,0,125
Premium,25.95,25.3,0,115
Student,10.86,10.26,0,108
Student,7.12,6.81,0,240
Premium,24.98,24.69,0,112
Premium,22.53,22.85,1,151
Premium,25.2,26.38,0,129
Regular,18.4,16.77,0,87
Student,12.16,11.54,1,95
Regular,12.47,11.53,0,130
Regular,16.52,17.6,0,95
Regular,12.79,13.4,0,138
Regular,14.89,14.9,0,115
Regular,16.21,16.46,1,146
Premium,21.63,22.14,0,100
Regular,14.89,14.23,0,116
Student,8.1,8.53,0,163
Premium,26.8,25.86,0,121
Student,7.99,7.22,0,173
Regular,16.24,17.04,0,95
Student,7.67,7.09,1,246
Premium,23.31,23.21,1,166
Student,9.37,8.59,0,134
Premium,22.86,23.08,0,148
Premium,27.33,26.77,1,146
Student,13.24,13.24,0,86
Regular,15.75,14.65,1,140
Student,10.46,10.87,1,108
Student,11.75,12.02,0,85
Premium,26.31,27.01,0,104
Premium,25.17,27.2,1,140
Student,8.24,7.57,1,196
Premium,20.98,22.63,0,128
Premium,26.27,23.71,0,113
Premium,27.66,27.02,0,117
Student,7.22,6.64,0,202
Premium,24.87,22.82,0,124
Regular,11.07,11.02,0,161
Regular,17.41,16.77,0,113
Premium,26.69,24.66,0,131
Student,9.35,10.28,0,153
Premium,24.08,24.64,1,120
Premium,25.56,25.68,0,101
Premium,27.24,24.98,0,142
Premium,24.95,22.79,0,125
Regular,18.94,18.0,0,92
Regular,12.79,13.8,0,144
Premium,22.27,23.17,0,123
Premium,25.09,26.26,1,153
Student,11.53,11.14,0,102
Premium,25.41,24.43,0,125
Student,8.96,9.11,1,169
Regular,14.72,13.47,0,138
Premium,20.87,20.46,0,120
Student,6.41,6.61,0,230
Regular,15.35,16.75,0,122
Regular,15.36,14.17,1,116
Student,9.44,8.8,1,144
Premium,23.02,20.91,0,132
Student,6.31,6.69,0,300
Premium,26.76,24.88,0,136
Student,9.85,9.72,0,122
Student,6.02,5.98,0,306
Regular,14.91,15.3,1,132
Regular,13.07,13.54,0,131
Regular,15.87,16.13,1,101
Student,11.06,10.71,1,135
Premium,25.72,24.96,0,101
Premium,23.9,24.38,1,144
Regular,14.41,13.11,1,128
Premium,21.45,22.74,0,141
Premium,27.48,28.02,0,122
Premium,29.54,27.89,0,122
Student,11.0,10.52,1,128
Premium,23.81,23.53,0,125
Premium,23.28,23.74,0,133
Regular,9.14,8.93,1,299
Premium,23.54,21.52,0,123
Student,8.97,9.72,1,169
Regular,15.35,15.8,0,101
Premium,22.69,22.47,1,183
Student,6.72,6.53,1,298
Premium,26.94,25.16,0,102
Premium,24.06,24.8,0,139
Regular,15.1,16.5,0,124
Student,9.35,8.75,1,159
Regular,13.13,12.69,1,170
Student,8.21,8.67,1,178
Student,10.22,10.69,0,115
Student,10.65,9.97,1,127
Regular,13.79,14.43,0,142
Premium,23.9,24.74,0,147
Regular,15.33,16.15,1,132
Premium,23.84,24.65,0,107
Premium,26.3,25.51,0,119
Student,15.14,15.35,0,49
Premium,23.93,23.8,0,130
Premium,26.76,27.12,1,125
Regular,12.8,12.65,0,143
Regular,18.62,18.67,0,80
Regular,16.67,15.81,0,104
Premium,26.28,24.57,0,119
Premium,26.71,26.22,0,141
Regular,12.31,12.3,0,161
Regular,15.45,16.41,0,126
Regular,15.29,14.31,0,127
Premium,22.76,23.19,0,99
Regular,13.55,12.43,0,136
Regular,16.22,14.65,0,128
Premium,27.14,29.49,0,123
Premium,28.54,29.47,1,143
Premium,25.96,28.54,1,144
Premium,25.7,24.77,0,107
Regular,13.35,12.38,1,151
Student,7.73,8.13,1,246
Regular,15.95,16.33,1,137
Student,9.64,10.18,1,159
Student,9.11,8.3,0,129
Student,11.06,10.41,0,116
Regular,14.25,13.72,0,121
Regular,11.91,11.19,1,173
Student,12.68,13.69,1,87
Student,12.48,11.3,1,109
Premium,26.6,24.38,0,110
Premium,24.25,25.99,1,156
Regular,15.87,14.59,1,132
Regular,15.01,15.45,0,94
Premium,24.22,22.66,0,119
Premium,24.74,25.54,1,149
Premium,24.72,26.49,0,124
Student,8.48,8.73,0,164
Premium,24.59,26.31,0,142
Student,11.08,11.38,0,109
Student,14.97,14.85,1,71
Premium,23.81,25.42,0,126
Student,8.44,8.63,0,155
Regular,17.13,16.34,0,118
Premium,25.12,27.61,1,148
Student,9.88,9.6,0,125
Regular,14.72,13.35,0,107
Student,9.64,9.95,0,126
Student,5.15,5.48,1,434
Regular,13.01,12.9,0,165
Regular,15.4,16.16,0,122
Student,11.59,11.23,0,90
Student,7.18,6.46,1,250
Regular,13.57,12.54,0,140
Regular,13.15,13.69,0,149
Student,7.53,7.71,1,204
Student,10.57,9.74,0,110
Regular,17.51,16.95,0,96
Premium,25.4,26.79,0,121
Regular,14.58,16.01,0,142
Regular,11.6,12.26,1,200
Student,8.05,7.26,0,200
Premium,25.23,23.64,0,106
Student,8.68,8.47,1,154
Regular,10.85,10.0,1,203
Regular,12.89,12.43,0,126
Regular,15.47,14.8,0,121
Regular,15.36,14.06,1,158
Premium,23.73,23.45,0,127
Regular,18.14,19.72,1,117
Student,10.17,10.94,1,174
Regular,12.57,13.05,0,148
Student,12.51,12.9,0,78
Student,10.33,9.48,0,99
Student,8.64,9.45,1,171
Student,10.07,10.73,0,140
Regular,17.63,17.07,0,94
Premium,23.43,23.58,1,178
Regular,17.36,15.86,0,107
Regular,16.08,16.46,1,136
Regular,14.11,13.07,0,143
Premium,26.57,28.87,0,139
Premium,26.6,24.97,0,128
Regular,14.34,14.87,0,136
Premium,27.23,28.46,0,118
Student,8.55,7.95,0,155
Student,11.13,10.9,0,94
Student,8.44,8.56,0,157
Regular,15.64,16.84,0,133
Student,10.74,10.31,0,111
Student,12.65,12.24,1,88
Premium,24.52,23.18,1,120
Regular,11.31,12.35,0,149
Student,6.38,6.29,0,282
Premium,27.3,26.55,1,135
Student,6.67,6.73,0,274
Regular,13.89,13.62,0,128
Regular,12.94,13.25,0,175
Premium,25.59,24.08,0,138
Regular,14.85,13.68,0,117
Regular,14.83,14.76,1,153
Student,7.97,7.89,0,195
Regular,14.94,14.44,0,119
Regular,15.95,16.27,1,124
Regular,14.5,13.95,1,165
Regular,14.3,15.2,0,116
Premium,25.48,25.91,0,103
Student,10.19,10.9,0,114
Premium,26.03,26.21,0,108
Student,10.31,10.82,1,111
Regular,15.82,15.62,1,147
Regular,13.1,12.03,0,147
Regular,13.78,13.24,0,136
Premium,22.7,22.15,0,129
Regular,15.71,16.53,0,116
Student,12.23,12.48,0,96
Regular,15.49,14.55,1,110
Student,10.28,11.01,1,103
Regular,11.05,12.01,1,216
Premium,27.02,28.84,1,126
Regular,16.19,14.61,0,107
Regular,14.63,15.14,0,117
Regular,12.27,12.23,0,158
Student,12.39,11.43,0,80
Student,8.03,7.29,0,181
Regular,17.95,18.12,1,108
Regular,13.96,12.68,0,109
Regular,17.58,17.05,0,87
Regular,13.44,14.16,1,158
Regular,16.41,15.7,0,138
Regular,13.54,13.49,1,195
Regular,13.1,12.24,0,136
Regular,11.77,11.4,1,193
Premium,25.53,27.6,1,136
Regular,17.74,16.25,0,83
Regular,14.17,12.85,1,167
Student,11.92,12.27,1,102
Student,8.17,8.73,0,152
Premium,26.53,25.47,0,130
Student,7.53,7.82,1,227
Premium,24.27,22.56,1,116
Student,9.42,9.93,0,128
Premium,27.62,29.75,0,112
Student,9.59,10.22,0,139
Regular,14.54,14.51,1,129
Premium,24.77,23.94,1,147
Student,11.3,10.31,0,104
Premium,22.99,21.79,0,102
Student,9.6,10.46,0,132
Premium,26.29,26.23,0,99
Regular,13.32,12.14,0,147
Regular,17.92,16.55,1,104
Premium,28.59,25.83,0,122
Premium,28.39,27.88,0,106
Regular,15.08,15.83,0,136
Premium,26.78,27.94,0,116
Premium,24.1,26.22,0,142
Regular,13.47,13.6,0,134
Premium,24.37,22.71,0,126
Premium,25.03,23.98,0,125
Student,12.39,11.59,0,94
Premium,21.91,20.45,0,124
Regular,11.04,10.05,0,159
Regular,13.06,12.24,0,153
Student,9.3,10.11,0,119
Premium,25.79,25.44,0,121
Regular,15.13,16.37,1,118
Premium,26.35,28.79,0,119
Regular,15.49,14.82,0,103
Student,8.41,7.83,0,166
Regular,18.65,18.25,0,92
Student,10.09,9.11,0,124
Premium,27.19,25.63,1,150
Regular,18.98,18.62,0,113
Regular,13.96,13.39,0,125
Premium,21.86,23.05,0,143
Student,10.35,10.96,0,89
Student,11.18,10.59,0,90
Regular,15.11,16.15,0,103
Regular,16.71,15.85,0,110
Premium,23.33,21.43,0,140
Premium,28.28,26.16,0,121
Regular,13.5,14.57,1,141
Student,8.91,8.23,0,136
Premium,24.74,24.01,0,114
Regular,12.99,12.5,1,158
Regular,15.24,15.67,1,162
Premium,27.32,27.91,0,127
Premium,24.99,27.42,0,117
Regular,14.72,13.89,0,137
Regular,11.96,11.37,1,183
Regular,13.03,12.28,0,128
Regular,15.01,13.93,1,140
Premium,22.13,21.26,1,119
Premium,25.09,26.48,1,118
Regular,13.89,14.27,1,146
Student,6.56,6.81,1,279
Premium,27.28,27.05,0,144
Regular,11.68,11.62,0,165
Premium,23.39,23.61,1,156
Premium,21.07,19.73,0,127
Student,9.85,9.96,0,115
Student,10.81,9.96,1,134
Regular,15.51,15.32,0,124
Student,8.44,8.96,0,177
Regular,13.66,13.48,0,135
Regular,14.06,15.46,0,107
Regular,14.29,14.36,0,159
Premium,24.73,22.9,1,156
Student,9.19,8.98,1,157
Regular,14.91,14.93,0,126
Student,9.55,9.43,0,133
Student,12.16,12.98,1,110
Regular,16.5,16.55,0,111
Premium,26.52,26.99,0,126
Regular,16.08,15.95,0,120
Regular,17.96,19.57,0,96
Regular,14.6,15.81,1,156
Student,12.74,13.15,1,83
Regular,13.48,13.9,0,129
Student,10.86,11.89,1,115
Premium,25.45,27.09,0,112
Premium,23.53,24.34,0,98
Premium,24.53,25.61,0,121
Regular,11.13,11.23,0,153
Regular,16.66,17.89,0,116
Student,10.25,10.95,0,107
Regular,11.44,12.57,1,200
Student,11.49,11.68,1,127
Student,10.64,10.18,0,114
Regular,16.7,18.25,0,111
Student,13.73,14.5,1,91
Premium,26.15,26.14,1,155
Student,9.9,8.98,1,141
Student,11.04,10.32,0,92
Student,10.84,10.84,1,117
Premium,22.53,20.98,0,133
Premium,24.95,27.0,1,162
Student,8.08,8.18,0,152
Premium,26.11,24.53,1,136
Regular,14.9,16.23,0,126
Student,8.45,8.99,0,161
Premium,24.64,26.1,0,109
Regular,18.37,19.62,0,92
Student,7.46,7.04,0,190
Premium,26.95,27.32,1,138
Regular,12.9,11.63,0,134
Student,11.48,10.58,1,105
Student,9.57,9.55,0,146
Premium,23.23,22.99,1,150
Student,10.74,10.21,0,111
Student,9.1,8.76,1,153
Premium,27.9,25.93,1,118
Premium,22.86,23.3,0,145
Student,11.64,10.89,0,92
Student,8.63,8.91,1,171
Student,10.2,10.47,1,136
Student,8.81,8.41,1,175
Student,9.18,9.0,0,136
Student,11.07,10.27,0,102
Regular,15.42,16.74,0,104
Regular,13.53,13.83,1,160
Premium,27.73,25.35,0,99
Premium,26.93,26.09,0,120
Student,9.57,9.77,0,142
Regular,15.76,14.27,0,101
Student,8.53,8.93,0,149
Regular,17.88,16.61,0,93
Regular,17.04,16.02,1,92
Student,7.69,7.46,0,184
Student,9.39,8.94,1,180
Student,8.69,9.04,0,155
Regular,10.97,11.11,1,145
Regular,18.16,18.59,0,103
Regular,15.56,15.05,1,135
Premium,25.37,27.39,0,126
Regular,14.85,13.9,0,130
Student,9.35,10.15,1,143
Regular,14.41,13.05,1,136
Premium,26.3,24.25,1,118
Student,10.94,9.86,0,101
Student,9.1,8.93,0,142
Regular,16.8,15.83,0,117
Regular,14.59,13.43,1,158
Premium,26.9,25.0,0,122
Regular,15.62,16.87,0,104
Student,9.2,10.02,0,156
Student,12.42,12.03,0,90
Premium,23.78,25.23,1,155
Student,6.05,6.61,0,328
Regular,15.08,16.38,0,116
Student,10.76,11.63,1,124
Student,10.42,10.43,1,127
Regular,16.97,17.09,1,118
Premium,22.83,24.94,0,128
Student,6.86,6.22,0,249
Student,11.25,11.3,0,100
Regular,13.23,11.91,1,148
Regular,16.17,14.97,1,127
Regular,12.01,12.7,0,172
Premium,23.15,24.37,1,131
Regular,15.52,14.36,0,127
Regular,17.06,15.71,0,112
Student,9.77,9.5,0,107
Student,12.16,12.14,0,81
Premium,24.11,24.37,0,119
Student,10.8,11.68,0,106
Regular,13.53,12.82,1,156
Premium,23.83,23.58,0,128
Premium,25.97,26.24,0,95
Student,7.61,7.27,0,219
Regular,18.17,17.1,1,113
Student,9.87,9.45,1,123
Student,11.32,10.31,1,105
Regular,13.06,13.9,0,147
Premium,24.94,22.85,0,104
Student,13.15,12.68,0,77
Regular,16.85,17.39,1,113
Regular,14.24,13.14,0,128
Premium,25.22,25.74,1,144
Premium,24.06,23.46,1,135
Regular,13.79,14.12,0,118
Regular,15.37,16.3,0,123
Regular,13.88,13.91,0,136
Premium,23.05,24.09,0,130
Premium,23.65,25.24,0,127
Regular,16.1,14.69,0,114
Student,8.93,9.53,0,149
Regular,11.31,11.81,0,176
Premium,24.5,23.23,0,110
Regular,13.51,12.55,0,129
Regular,13.3,12.62,1,172
Student,10.24,9.22,1,144
Premium,23.61,25.72,0,125
Regular,17.07,17.69,1,116
Student,6.62,6.98,1,268
Regular,20.39,18.41,1,111
Premium,23.2,22.58,0,131
Regular,14.6,14.61,0,116
Student,7.46,7.28,1,249
Premium,21.32,22.03,0,110
Regular,18.33,19.27,0,99
Student,11.31,10.37,0,104
Premium,23.05,21.28,0,109
Premium,28.07,29.96,0,127
Regular,18.88,17.71,0,68
Regular,16.44,17.89,0,105
Premium,25.17,25.63,0,110
Student,12.8,13.69,0,89
Student,13.06,13.62,0,76
Student,10.17,9.33,0,105
Premium,26.05,25.11,1,139
Student,12.02,12.51,0,75
Regular,14.41,14.37,1,172
Regular,15.34,13.85,0,150
Premium,23.98,24.1,0,135
Student,10.57,11.04,0,107
Student,10.5,10.94,0,103
Student,6.81,7.04,0,190
Premium,23.69,21.5,1,146
Regular,13.92,12.79,0,109
Student,9.66,9.25,0,110
Student,12.25,13.0,1,114
Premium,28.2,25.42,0,122
Premium,26.57,29.06,0,118
Student,9.53,8.98,1,165
Student,14.35,13.65,1,80
Premium,25.03,26.68,0,104
Student,10.86,11.25,0,90
Premium,26.46,28.94,1,148
Student,11.07,11.39,1,108
Premium,26.83,28.13,0,140
Regular,18.77,19.62,0,85
Student,5.85,5.78,1,377
Student,12.82,13.03,1,94
Premium,24.13,23.71,0,121
Regular,13.77,12.91,0,123
Premium,21.2,22.96,1,134
Regular,14.96,13.64,0,123
Regular,15.59,15.24,1,131
Regular,18.18,19.78,1,124
Student,10.67,10.78,0,122
Premium,25.77,26.87,0,126
Premium,24.2,26.62,0,117
Student,10.17,10.86,1,129
Student,10.0,10.2,0,113
Student,9.0,8.73,0,143
Regular,13.47,14.64,1,163
Premium,24.46,25.91,0,103
Premium,25.06,23.14,0,129
Student,11.59,11.26,0,104
Premium,24.92,27.17,0,103
Premium,23.98,21.9,1,135
Premium,24.35,22.04,0,109
Student,10.2,11.19,1,145
Student,10.3,11.03,0,114
Premium,25.71,23.3,0,115
Student,11.17,11.68,1,112
Premium,26.49,26.34,1,160
Premium,27.07,27.37,1,133
Regular,16.6,17.89,0,94
Premium,25.64,25.94,0,119
Regular,13.26,13.42,0,137
Regular,16.72,16.11,0,115
Student,8.24,7.5,1,232
Student,10.47,10.7,0,121
Regular,14.17,14.73,0,115
Student,12.45,12.57,0,74
Student,10.44,11.32,0,106
Premium,24.26,25.08,0,124
Premium,23.04,21.89,0,136
Regular,13.22,14.16,1,140
Premium,24.34,26.39,0,115
Student,11.33,10.68,0,96
Regular,16.45,15.82,1,130
Regular,13.81,14.29,0,133
Student,8.97,8.97,1,154
Regular,14.19,14.31,1,114
Regular,16.2,16.38,0,120
Premium,25.41,27.59,1,161
Student,10.36,9.5,0,122
Regular,16.03,16.66,0,96
Premium,26.75,28.87,0,114
Regular,12.3,12.15,0,144
Regular,14.07,13.37,0,109
Regular,15.87,15.42,1,157
Student,10.92,11.48,0,105
Regular,17.59,16.81,0,96
Student,13.88,13.94,1,90
Regular,19.23,18.2,1,113
Premium,30.68,30.07,0,128
Student,8.45,8.94,0,163
Premium,23.02,22.94,1,134
Student,12.24,11.74,0,79
Premium,27.18,28.8,0,112
Premium,26.39,24.27,0,120
Regular,14.14,12.76,0,123
Regular,14.6,14.87,1,124
Premium,24.46,24.93,0,135
Regular,15.07,16.15,0,115
Regular,14.94,13.91,0,118
Student,12.17,12.11,1,103
Student,13.16,14.48,1,84
Regular,11.37,10.43,0,171
Student,9.16,9.92,0,134
Student,8.46,7.89,0,154
Student,14.45,14.51,0,71
Regular,15.2,16.13,0,96
Premium,27.0,26.75,1,127
Regular,14.56,14.71,0,110
Student,12.73,13.85,1,88
Student,12.55,12.06,0,81
Student,7.79,7.41,1,245
Student,10.12,9.22,0,106
Regular,16.15,17.08,1,103
Student,6.32,6.09,1,302
Regular,15.31,16.25,0,112
Student,10.86,10.82,0,111
Premium,26.51,25.1,0,126
Regular,16.52,16.15,0,103
Regular,17.7,16.49,1,101
Student,13.19,13.84,0,77
Regular,14.29,14.14,0,110
Regular,14.57,14.24,0,137
Premium,22.18,24.0,0,135
Regular,15.9,16.9,0,108
Premium,23.04,22.15,0,138
Student,8.3,8.5,0,167
Premium,22.33,20.95,1,146
Student,8.58,8.27,0,168
Regular,19.24,19.28,0,89
Premium,24.79,22.86,0,140
Regular,13.46,12.73,0,111
Premium,26.54,25.78,0,126
Regular,14.89,14.64,1,162
Premium,25.42,24.81,1,151
Premium,23.14,24.58,1,149
Premium,25.64,26.23,0,102
Student,7.05,7.36,1,248
Regular,14.69,13.6,1,134
Student,10.18,9.94,1,131
Student,10.59,10.96,0,110
Student,8.94,8.45,1,182
Regular,15.64,14.37,0,112
Regular,18.92,19.69,1,116
Premium,28.48,30.77,1,126
Premium,22.18,22.63,0,124
Student,5.61,5.89,1,472
Regular,15.78,15.81,1,124
Student,10.59,10.17,0,111
Student,8.99,9.63,1,194
Student,9.55,10.37,0,128
Student,13.64,14.52,0,65
Student,10.88,11.46,0,98
Student,12.0,11.04,0,82
Student,11.51,11.0,0,87
Premium,24.53,25.71,0,125
Premium,25.92,25.89,0,133
Regular,16.52,16.37,1,112
Regular,14.27,14.38,0,105
Student,13.28,12.35,1,76
Student,12.06,12.77,0,91
Premium,25.15,27.31,0,132
Regular,16.99,16.84,0,103
Regular,19.04,20.1,0,94
Premium,22.81,21.63,1,125
Premium,23.04,23.61,0,99
Regular,14.65,13.94,0,123
Student,14.38,12.99,0,60
Premium,24.99,26.27,0,122
Premium,27.25,29.08,0,95
Regular,14.71,15.19,0,98
Student,13.24,14.35,0,67
Premium,25.87,24.89,0,112
Premium,26.32,28.46,0,138
Regular,14.54,14.49,0,136
Student,7.41,7.78,1,244
Regular,18.17,16.37,1,118
Student,12.98,12.01,1,100
Student,15.09,13.72,0,51
Premium,23.43,23.16,0,131
Premium,24.36,25.93,0,127
Premium,23.15,24.25,0,136
Regular,17.9,18.66,0,108
Premium,21.64,20.52,0,123
Premium,27.76,25.52,0,107
Regular,13.59,13.59,0,142
Student,11.39,10.77,1,122
Premium,24.42,23.22,1,141
Premium,27.57,25.79,1,89
Premium,23.29,23.13,0,114
Premium,23.1,23.19,0,119
Student,9.83,9.71,1,120
Regular,15.79,14.54,0,119
Student,9.2,9.93,1,154
Student,14.45,14.0,0,71
Student,8.82,8.9,0,149
Student,11.95,12.34,0,89
Regular,11.39,10.36,0,166
Premium,22.46,21.66,0,126
Premium,25.9,24.97,0,115
Premium,23.68,25.18,0,135
Regular,14.1,14.06,0,112
Student,10.42,10.28,1,126
Student,12.59,11.47,0,94
Student,12.61,13.51,1,95
Student,9.23,8.5,0,141
Regular,10.46,10.75,0,174
Regular,16.14,14.66,1,128
Premium,24.66,24.18,0,142
Regular,11.19,10.88,0,169
Student,10.16,9.39,0,120
Student,10.41,10.37,1,112
Regular,16.18,16.7,0,118
Regular,17.99,16.87,0,119
Student,7.53,6.85,0,186
Premium,27.58,26.75,0,115
Premium,24.34,24.2,1,120
Premium,29.02,26.2,0,121
Student,11.02,12.09,1,113
Regular,13.01,12.41,0,151
Premium,24.86,24.23,0,134
Student,8.05,8.36,0,177
Premium,21.58,20.56,0,118
Regular,18.12,16.63,0,80
Regular,15.07,15.63,0,122
Student,12.6,11.54,0,72
Regular,11.47,10.46,0,165
Premium,26.86,24.98,0,99
Regular,12.54,12.97,1,164
Premium,21.11,21.18,0,116
Regular,14.17,13.3,0,137
Premium,23.19,22.8,0,143
Premium,24.4,25.2,0,113
Regular,13.8,13.61,1,149
Student,9.68,9.15,0,130
Student,10.21,10.11,1,140
Student,12.54,12.68,0,72
Student,9.14,9.86,0,147
Regular,16.96,18.65,0,107
Student,9.85,10.83,1,150
Student,9.54,9.3,0,139
Student,10.68,11.1,0,110
Student,5.0,5.0,0,430
Regular,14.56,13.38,0,124
Student,9.65,9.46,0,90
Student,10.86,10.14,0,111
Student,11.29,11.39,1,103
Student,11.76,11.11,0,83
Premium,26.99,29.31,1,117
Student,11.13,11.73,0,98
Premium,23.07,24.39,0,114
Premium,26.81,29.27,1,157
Student,12.71,12.83,0,91
Premium,23.51,25.09,0,105
Student,10.99,11.63,0,109
Regular,13.94,14.99,1,169
Regular,11.85,12.9,0,151
Premium,24.75,25.55,0,127
Premium,26.66,26.89,0,103
Regular,12.11,11.61,0,170
Premium,26.37,24.51,1,110
Regular,19.61,20.53,0,87
Regular,18.98,18.67,1,115
Premium,22.83,24.86,0,150
Regular,14.05,13.29,1,172
Premium,23.0,23.37,1,156
Regular,15.47,16.31,1,142
Student,8.67,8.11,1,167
Regular,13.87,14.25,0,130
Student,9.88,10.59,0,128
Student,8.29,8.59,0,189
Student,11.81,12.4,0,87
Student,12.02,12.83,1,104
Premium,27.14,24.73,0,98
Student,7.62,8.01,0,184
Regular,13.77,14.02,0,118
Student,10.34,10.99,1,148
Student,9.44,9.71,0,160
Premium,25.0,24.29,0,138
Student,11.5,11.14,1,116
Student,10.02,10.89,0,123
Student,10.1,10.33,0,126
Student,6.45,6.02,0,264
Student,13.21,12.26,1,91
Premium,25.37,24.94,0,124
Student,11.48,11.15,0,105
Premium,28.1,28.31,1,141
Student,8.64,8.26,0,126
Premium,24.73,27.13,0,129
Premium,26.49,24.13,0,118
Student,10.14,10.2,0,125
Student,11.41,10.75,0,96
Regular,15.96,14.79,1,121
Premium,29.68,27.73,1,122
Regular,17.63,19.0,0,98
Regular,13.31,14.33,1,178
Premium,25.29,27.5,1,132
Premium,22.12,21.58,0,136
Premium,24.23,25.96,0,96
Student,12.18,13.15,0,79
Regular,12.17,12.51,0,164
Premium,20.72,22.48,0,127
Student,7.06,7.7,0,209
Premium,23.45,21.28,0,112
Student,7.57,7.39,1,264
Regular,17.44,16.53,0,101
Premium,24.68,23.35,0,109
Regular,11.12,10.86,0,181
Regular,17.27,18.75,0,104
Student,7.05,6.52,1,224
Regular,19.48,20.23,0,81
Regular,12.1,12.66,0,144
Premium,24.09,25.86,0,128
Student,11.96,11.47,0,92
Regular,11.17,11.53,1,228
Premium,23.9,23.22,0,108
Premium,23.39,23.91,1,165
Student,7.68,7.91,0,223
Regular,14.23,14.27,0,130
Student,8.99,8.8,0,153
Regular,15.02,15.93,0,105
Regular,16.92,18.55,0,104
Student,10.39,9.81,0,122
Student,8.78,8.45,0,151
Premium,24.63,26.51,0,90
Premium,28.66,29.28,1,126
Regular,18.53,19.32,0,84
Premium,23.79,25.32,1,154
Student,8.03,7.79,1,210
Premium,20.54,21.12,1,149
Student,11.25,10.9,0,107
Regular,13.8,14.89,0,133
Regular,16.59,16.88,0,99
Premium,29.78,26.99,0,103
Regular,16.29,15.42,0,111
Student,7.58,8.22,1,238
Regular,16.66,17.04,1,120
Premium,24.36,25.73,1,124
Premium,27.02,25.06,0,101
Student,8.14,7.52,0,154
Premium,26.76,24.64,1,138
Regular,14.58,13.3,1,135
Regular,14.86,15.87,0,121
Student,11.07,10.85,0,75
Regular,13.36,14.41,0,166
Premium,26.9,26.65,1,115
Regular,13.97,14.04,1,165
Regular,17.48,18.79,1,115
Premium,26.38,25.57,1,134
Student,11.37,12.25,0,94
Student,10.6,9.61,1,122
Premium,23.05,24.0,1,146
Premium,24.14,23.35,0,137
Student,11.71,10.83,0,86
Premium,24.97,24.14,0,115
Regular,13.96,14.56,0,125
Premium,23.97,24.5,0,130
Premium,27.47,28.78,1,130
Premium,24.66,25.08,1,160
Premium,26.18,25.7,1,137
Premium,27.51,30.2,0,119
Premium,25.88,24.32,0,133
Regular,17.96,16.61,1,130
Regular,13.06,12.49,1,196
Premium,25.23,24.17,0,104
Premium,23.5,22.38,1,143
Premium,30.37,30.74,0,119
Regular,14.7,16.06,0,114
Regular,14.55,14.27,0,136
Regular,15.98,15.41,0,109
Premium,22.91,24.72,0,131
Premium,26.14,25.54,0,107
Premium,23.74,23.15,0,90
Premium,24.75,27.16,0,121
Regular,13.75,14.19,1,146
Student,11.57,10.51,0,84
Premium,23.66,25.98,0,108
Student,10.07,9.8,1,152
Student,8.59,8.13,0,163
Student,11.23,10.25,0,81
Premium,27.82,27.46,1,131
Student,8.3,7.76,1,191
Student,10.58,10.3,0,113
Premium,22.73,23.79,1,134
Regular,14.0,13.56,0,120
Student,8.23,8.38,0,164
Premium,25.56,24.66,0,95
Student,11.92,12.23,0,93
Student,12.37,12.94,0,71
Premium,22.79,23.2,1,159
Premium,27.13,25.78,1,135
Student,7.84,7.84,0,174
Premium,22.55,23.05,0,142
Regular,14.95,13.85,1,164
Regular,9.59,9.39,0,202
Student,11.68,12.37,0,96
Student,11.0,11.43,0,101
Student,12.51,13.34,1,96
Regular,13.63,14.2,0,144
Student,8.94,8.65,0,139
Premium,25.1,25.8,1,143
Premium,21.84,23.44,1,139
Premium,22.8,23.69,0,124
Regular,13.14,13.59,1,177
Student,9.78,10.26,0,138
Regular,15.37,15.06,0,104
Premium,27.12,27.53,0,97
Student,9.73,10.64,1,131
Premium,26.24,24.13,0,122
Premium,24.92,26.23,1,162
Premium,25.51,23.22,0,97
Student,12.92,13.31,1,98
Student,8.24,7.67,0,174
Regular,16.62,16.52,0,131
Premium,25.8,25.4,0,101
Student,8.62,9.19,0,158
Regular,13.38,13.66,0,138
Premium,23.56,21.51,0,129
Premium,26.69,25.98,0,109
Premium,27.18,26.93,0,143
Premium,23.59,21.24,0,121
Premium,24.33,22.7,1,155
Student,14.51,15.69,0,58
Regular,13.59,14.91,0,129
Student,4.59,4.31,0,482
Premium,22.8,21.75,0,146
Student,6.66,6.78,0,256
Regular,16.32,15.06,0,121
Premium,23.4,25.01,0,131
Student,11.67,12.83,0,85
Premium,26.82,29.31,0,98
Regular,15.52,16.07,0,121
Regular,15.74,14.18,0,115
Student,6.5,5.9,0,240
Student,9.19,8.88,0,149
Student,8.97,8.83,0,132
Regular,15.43,16.02,1,147
Student,11.55,11.06,0,94
Regular,17.27,15.71,0,101
Student,12.38,12.26,0,80
Student,8.5,8.48,0,165
Premium,26.37,27.08,1,156
Student,7.11,7.22,0,184
Student,11.71,12.45,0,101
Premium,21.59,22.95,1,167
Premium,23.38,25.32,0,120
Regular,15.04,14.61,0,121
Premium,24.24,26.17,0,126
Premium,24.09,24.03,0,119
Premium,23.57,23.04,0,104
Regular,13.24,13.66,0,121
Regular,14.04,12.93,0,117
Student,12.14,12.78,0,83
Premium,23.36,24.47,0,117
Student,10.59,10.65,0,126
Regular,18.3,19.48,1,115
Student,13.36,12.69,0,65
Student,11.65,12.8,0,89
Regular,15.48,16.28,0,115
Regular,15.02,16.07,0,103
Regular,13.85,13.18,0,145
Regular,12.8,11.61,0,152
Regular,15.48,16.86,0,131
Premium,27.34,26.93,0,120
Student,9.6,9.23,1,201
Student,8.18,7.68,0,184
Regular,14.7,14.64,1,132
Regular,11.07,10.04,0,142
Regular,18.53,17.33,0,99
Regular,20.92,18.97,0,89
Premium,25.88,26.05,0,109
Student,9.03,9.22,0,150
Premium,23.84,22.52,0,119
Regular,12.5,11.28,0,158
Student,8.81,9.54,0,148
Student,7.76,7.39,0,175
Premium,25.8,24.33,0,128
Regular,13.35,14.39,1,193
Student,12.31,12.87,1,109
Premium,22.3,21.66,0,119
Student,10.73,10.75,1,121
Student,9.91,9.08,0,124
Student,8.4,8.03,0,156
Student,12.02,11.18,0,116
Premium,25.36,26.62,0,123
Student,9.18,8.86,0,147
Premium,26.89,25.09,1,140
Student,11.78,12.6,0,90
Regular,16.19,14.98,1,130
Student,11.85,11.5,1,98
Regular,14.54,14.4,0,109
Regular,14.18,14.66,1,156
Student,14.66,14.24,0,61
Regular,7.61,7.09,1,306
Regular,15.49,16.07,1,138
Regular,15.24,14.19,0,100
Premium,27.21,26.37,0,112
Student,8.44,8.37,0,180
Regular,13.5,13.28,0,140
Student,7.07,6.85,0,209
Premium,22.52,21.59,1,166
Student,10.19,10.91,0,109
Student,10.1,11.09,0,101
Regular,14.88,13.48,0,131
Regular,14.42,13.16,0,120
Student,6.86,7.32,1,275
Regular,16.56,15.57,0,113
Student,11.31,10.48,0,93
Student,10.24,9.53,1,149
Premium,22.49,22.87,0,118
Student,10.19,9.9,0,125
Regular,12.86,11.83,0,158
Regular,15.64,15.01,0,111
Premium,26.57,24.31,1,115
Student,9.1,8.23,0,128
Premium,25.77,23.77,0,127
Regular,16.75,18.0,0,114
Regular,19.49,20.77,0,65
Premium,25.89,25.9,1,156
Regular,12.69,11.73,1,178
Student,8.78,9.07,0,143
Regular,12.95,13.61,1,193
Student,11.53,12.18,1,106
Regular,11.74,12.5,0,165
Premium,25.88,23.43,0,122
Regular,17.28,16.22,0,96
Premium,25.06,25.87,0,116
Premium,24.39,24.63,0,105
Premium,24.23,23.89,0,119
Regular,13.0,12.38,1,193
Regular,14.48,15.05,0,125
Regular,9.01,9.27,0,229
Premium,23.43,25.55,1,151
Student,8.81,8.0,0,151
Student,13.99,13.54,0,59
Student,15.42,14.76,0,54
Student,11.29,10.36,1,118
Regular,12.48,13.41,0,159
Premium,20.27,20.53,0,135
Premium,23.09,23.37,0,113
Regular,13.86,14.82,1,162
Regular,11.33,11.14,0,135
Regular,17.68,19.28,0,80
Regular,13.64,14.57,1,154
Premium,23.57,22.16,1,137
Student,11.19,11.72,0,105
Regular,15.07,13.65,0,99
Regular,15.22,14.02,0,97
Premium,25.38,23.07,1,168
Student,9.23,8.92,1,131
Regular,16.5,17.67,1,147
Premium,22.62,20.68,0,149
Premium,24.74,26.77,1,129
Regular,17.37,18.38,0,82
Regular,13.95,15.15,1,138
Regular,16.46,17.92,0,98
Premium,27.04,26.51,0,139
Premium,29.18,31.49,0,107
Student,11.26,11.69,1,135
Student,11.63,11.68,0,83
Regular,17.67,17.58,1,124
Premium,22.24,20.9,1,176
Regular,15.87,15.62,0,100
Student,12.21,12.32,0,64
Regular,15.97,15.36,0,124
Premium,28.28,27.72,1,151
Regular,14.61,13.79,0,129
Regular,14.49,13.83,0,128
Premium,24.08,25.38,0,121
Premium,29.5,32.06,0,125
Premium,21.17,19.54,0,109
Regular,15.46,14.62,0,115
Student,10.87,9.99,1,128
Premium,19.72,21.21,0,134
Regular,18.97,20.08,0,92
Student,12.8,11.53,0,78
Premium,25.87,28.0,1,113
Student,11.07,10.83,0,121
Regular,15.18,15.24,0,82
Premium,24.65,22.79,1,169
Premium,23.45,21.19,0,139
Premium,22.83,23.72,0,139
Regular,14.21,14.06,0,120
Student,8.75,7.95,0,137
Premium,24.42,25.92,1,150
Regular,15.99,14.81,0,105
Premium,21.24,19.87,1,142
Premium,22.9,21.28,0,112
Regular,17.25,16.3,0,110
Student,10.07,9.62,1,143
Student,12.62,13.42,1,95
Student,11.4,12.13,0,108
Regular,20.89,21.05,0,89
Premium,27.26,24.63,0,132
Student,9.93,10.62,0,100
Student,11.09,11.08,1,111
Premium,22.41,21.74,1,138
Student,10.42,10.41,1,144
Premium,22.43,22.95,0,116
Student,7.44,8.1,1,238
Premium,22.67,24.51,0,105
Student,12.8,11.97,0,70
Regular,18.96,19.12,1,106
Premium,26.14,26.93,1,147
Premium,26.69,25.1,0,112
Regular,20.23,18.93,1,107
Regular,17.57,17.29,0,101
Premium,26.09,24.76,0,124
Premium,26.63,26.15,1,125
Premium,21.25,21.4,1,171
Premium,22.54,20.6,0,140
Premium,26.56,25.91,0,106
Premium,22.85,22.97,0,125
Premium,26.03,24.99,0,97
Regular,14.43,13.14,0,118
Student,9.5,8.66,0,133
Student,12.49,11.59,1,102
Premium,25.18,25.6,0,129
Regular,16.95,15.46,0,126
Premium,27.71,30.48,0,101
Regular,13.18,11.86,1,178
Regular,18.0,16.45,1,108
Student,8.07,7.78,0,197
Regular,14.35,15.38,0,121
Student,8.92,9.79,0,160
Regular,17.73,19.34,1,119
Student,5.51,5.47,0,357
Regular,13.98,14.24,0,117
Premium,24.28,22.37,0,128
Regular,19.54,18.74,1,108
Student,10.98,10.9,0,90
Regular,14.87,15.21,0,111
Regular,16.51,16.11,0,109
Premium,23.69,25.86,0,124
Regular,16.85,15.8,0,121
Regular,10.24,9.88,0,194
Premium,23.95,23.3,0,131
Regular,17.03,16.75,0,100
Student,11.98,10.95,0,100
Premium,24.14,23.34,0,95
Premium,22.41,23.88,0,97
Student,12.78,13.62,0,87
Regular,17.99,19.36,1,118
Student,10.68,10.42,0,127
Student,12.37,12.34,0,80
Student,9.72,9.4,1,143
Student,8.68,9.47,0,147
Premium,24.28,23.58,1,127
Regular,12.02,12.57,1,178
Premium,24.92,24.14,0,91
Student,10.09,10.67,0,128
Premium,27.38,29.1,0,123
Regular,15.07,14.97,0,118
Premium,25.84,28.11,1,153
Premium,21.71,21.58,1,143
Student,6.85,6.98,1,254
Premium,25.95,24.89,1,154
Regular,14.91,13.48,0,116
Student,8.68,8.69,0,159
Premium,25.33,25.79,0,137
Premium,26.23,26.12,0,117
Regular,16.58,17.96,1,125
Regular,11.79,11.23,0,162
Regular,18.21,17.82,0,79
Regular,13.25,12.35,0,158
Regular,10.86,10.88,0,172
Student,9.91,9.74,0,128
Student,5.89,6.3,0,274
Premium,25.11,23.17,0,131
Premium,23.65,24.67,1,156
Student,11.06,12.04,1,120
Student,9.26,9.53,0,131
Regular,14.57,13.74,0,79
Student,11.88,11.79,1,113
Student,8.58,8.3,0,150
Regular,14.53,13.48,1,146
Regular,14.5,15.16,0,139
Student,12.06,10.88,0,73
Premium,22.74,23.59,1,162
Premium,26.18,27.97,0,120
Regular,18.15,17.14,0,96
Regular,16.09,14.49,1,135
Premium,26.15,27.51,1,124
Premium,27.63,26.37,0,114
Premium,27.56,26.22,0,149
Premium,24.84,22.62,0,113
Student,9.19,8.74,0,139
Regular,14.97,15.6,1,136
Student,8.32,7.88,1,192
Regular,16.28,17.22,1,156
Regular,14.54,13.84,0,124
Regular,16.62,18.14,0,99
Student,5.68,5.51,0,311
Regular,14.85,16.32,1,161
Premium,30.2,31.84,0,92
Premium,26.64,28.3,1,127
Regular,17.43,18.06,1,117
Student,9.23,9.4,0,152
Premium,25.13,26.32,1,156
Premium,23.35,23.63,0,122
Regular,11.64,11.78,0,138
Regular,12.32,13.33,0,144
Regular,11.55,10.88,0,161
Student,4.62,4.88,1,571
Regular,18.28,17.79,1,93
Premium,26.44,28.05,0,121
Premium,23.73,26.06,1,138
Regular,14.01,14.62,0,133
Student,7.97,8.06,1,208
Regular,17.27,16.82,0,121
Regular,14.64,13.61,0,143
Student,11.49,11.04,0,91
Student,13.19,13.27,0,83
Regular,14.56,13.11,0,120
Premium,26.06,23.89,1,159
Regular,13.0,12.56,0,128
Regular,16.18,16.74,0,79
Regular,14.08,14.76,1,138
Student,11.34,12.15,0,102
Student,8.82,9.26,0,155
Premium,27.45,29.82,1,142
Premium,24.87,26.51,1,124
Premium,25.43,26.27,0,107
Student,10.33,9.97,0,125
Regular,15.31,16.68,0,108
Regular,12.32,12.01,0,141
Student,10.37,11.27,0,115
Regular,17.51,18.42,1,129
Student,9.58,9.59,0,136
Regular,11.05,12.08,0,196
Premium,25.6,26.48,0,127
Student,10.14,11.02,1,144
Premium,24.36,24.67,0,128
Student,11.82,11.75,0,75
Student,11.82,11.61,0,88
Regular,12.87,13.7,1,161
Student,7.11,6.61,0,231
Regular,15.71,16.97,1,144
Student,11.02,10.59,1,134
Premium,29.51,29.97,0,116
Regular,17.7,18.25,0,121
Regular,14.45,14.79,0,124
Regular,13.58,12.66,0,124
Student,6.85,6.58,0,223
Regular,15.16,16.62,0,122
Regular,10.75,10.84,0,169
Regular,13.95,12.65,1,144
Premium,22.26,23.01,1,161
Premium,25.44,23.0,0,114
Premium,23.26,21.87,0,147
Premium,23.88,21.56,0,121
Regular,18.31,16.6,0,116
Premium,24.34,22.25,1,159
Regular,17.3,16.92,1,123
Premium,23.36,23.31,0,81
Regular,15.62,16.66,0,112
Premium,24.35,24.44,0,135
Student,6.38,6.38,0,243
Regular,9.84,10.55,0,174
Premium,28.85,30.16,0,100
Premium,21.73,23.43,0,130
Premium,24.6,25.24,0,118
Regular,14.48,15.72,1,155
Student,7.65,7.98,0,209
Premium,23.18,21.81,1,141
Premium,24.66,24.69,1,170
Premium,25.37,27.43,1,128
Regular,12.46,12.97,0,147
Regular,18.62,19.7,0,98
Student,11.73,11.67,1,103
Student,9.52,9.37,0,122
Premium,22.08,21.97,0,129
Regular,12.81,13.45,0,143
Student,11.32,10.21,0,94
Regular,13.93,13.29,0,122
Student,10.78,9.89,1,128
Student,6.77,6.7,0,221
Regular,16.45,16.44,0,118
Premium,27.21,26.45,0,120
Regular,14.98,15.73,0,121
Student,9.66,8.88,0,115
Regular,15.35,16.53,0,111
Regular,15.84,17.03,0,112
Regular,16.69,17.71,0,97
Regular,15.94,15.1,1,138
Regular,11.63,12.59,0,147
Student,10.56,10.51,0,128
Premium,24.27,25.73,0,138
Student,10.93,10.47,0,83
Student,10.53,9.83,1,123
Regular,13.55,14.2,1,135
Student,11.11,10.96,0,102
Regular,14.99,15.08,0,117
Premium,24.65,23.75,0,139
Regular,13.38,13.74,1,159
Premium,24.06,24.55,0,135
Premium,25.01,24.83,1,157
Premium,23.99,22.76,1,148
Regular,16.36,15.56,1,143
Student,9.14,9.27,0,129
Premium,29.2,29.46,0,119
Regular,13.0,12.8,0,117
Student,10.17,9.97,0,120
Premium,24.05,24.49,0,113
Premium,25.37,27.66,0,132
Student,8.99,8.84,0,148
Premium,24.68,25.89,0,99
Regular,14.05,15.0,0,140
Student,11.27,12.4,0,93
Student,9.51,9.11,0,141
Premium,25.54,27.74,0,115
Regular,13.5,13.98,0,155
Student,11.27,10.88,0,93
Regular,13.59,12.29,0,115
Student,9.22,8.33,0,138
Premium,22.81,22.17,1,121
Regular,19.02,20.32,0,82
Regular,13.96,13.39,0,152
Premium,23.31,22.91,0,133
Student,10.34,9.97,0,119
Student,8.94,9.14,0,141
Regular,11.7,10.61,0,169
Premium,25.11,22.91,1,133
Student,11.61,12.1,0,64
Premium,24.08,25.04,1,152
Student,14.77,14.9,1,70
Regular,15.28,16.78,0,124
Student,12.91,13.12,0,72
Student,12.23,11.98,0,85
Regular,11.32,10.39,0,150
Student,10.87,9.93,0,107
Student,9.62,10.49,1,167
Regular,13.96,14.08,0,113
Premium,28.04,28.1,0,120
Regular,15.1,14.6,0,115
Premium,24.68,22.44,1,141
Student,5.53,5.32,0,380
Regular,14.05,13.64,1,167
Regular,19.04,20.4,0,86
Premium,25.17,25.03,0,119
Student,7.52,7.25,0,198
Premium,25.75,26.4,0,112
Student,9.24,8.93,0,138
Regular,15.19,14.31,1,132
Student,9.63,9.07,0,138
Regular,16.49,15.69,1,133
Student,10.5,11.4,1,99
Regular,14.07,13.48,0,115
Premium,21.81,22.74,0,116
Regular,18.73,18.37,0,105
Regular,15.79,15.61,1,134
Student,8.74,8.6,0,160
Student,10.89,11.6,1,125
Premium,30.07,28.15,0,110
Regular,16.51,17.22,1,136
Regular,19.24,17.85,0,79
Regular,13.84,14.97,0,134
Student,9.2,9.58,0,161
Premium,24.6,23.88,0,121
Student,6.44,6.38,0,250
Regular,16.29,17.52,0,103
Premium,23.41,21.93,0,140
Student,9.65,9.4,1,152
Regular,19.08,17.62,0,96
Premium,23.83,25.73,0,127
Regular,13.23,11.94,0,129
Regular,13.68,15.04,0,129
Regular,16.03,16.11,1,123
Premium,26.98,28.36,0,111
Student,9.88,10.44,0,136
Student,9.07,9.57,0,136
Student,9.24,9.27,0,143
Regular,17.28,17.8,0,124
Regular,13.77,12.91,1,158
Student,8.02,8.49,0,191
Student,13.13,11.82,1,87
Regular,17.1,15.95,0,109
Regular,15.01,16.26,1,152
Student,12.27,11.61,1,114
Regular,17.3,16.74,1,115
Premium,22.91,23.7,0,131
Regular,16.98,16.68,0,118
Premium,24.49,23.87,1,137
Regular,13.6,13.21,0,148
Student,11.28,12.16,1,135
Regular,13.63,14.87,0,133
Regular,14.08,15.28,1,154
Student,12.81,11.64,0,78
Regular,14.3,15.31,0,153
Regular,20.41,18.77,0,96
Premium,25.0,24.37,0,111
Student,10.89,11.34,0,85
Premium,20.8,20.64,0,146
Student,12.58,11.82,0,77
Regular,14.81,15.48,1,163
Premium,25.95,24.93,0,115
Premium,23.6,23.07,0,120
Premium,24.37,23.32,1,147
Regular,13.54,14.06,1,152
Student,9.89,9.16,1,118
Premium,30.17,31.92,0,115
Regular,13.32,13.71,1,155
Student,7.73,8.33,1,242
Regular,13.95,15.26,0,157
Premium,26.09,25.67,0,112
Premium,26.39,25.97,1,117
Regular,18.03,17.35,0,109
Student,11.43,12.53,0,91
Regular,13.56,12.42,1,172
Student,13.23,13.38,1,80
Regular,17.92,19.34,1,110
Regular,14.48,14.7,0,121
Regular,14.37,14.12,0,112
Regular,16.41,17.19,0,107
Regular,16.67,16.87,0,98
Regular,13.04,11.83,0,130
Student,11.55,10.56,0,86
Premium,27.18,26.42,1,138
Premium,26.98,27.46,1,140
Student,6.63,6.04,1,326
Premium,25.77,28.31,0,128
Regular,15.45,14.69,1,140
Premium,22.22,23.96,0,127
Premium,24.93,24.73,0,131
Student,8.2,8.54,0,170
Student,11.7,12.74,0,96
Premium,23.88,25.99,0,117
Student,9.78,9.6,0,119
Regular,15.52,16.66,0,134
Regular,17.18,18.68,0,85
Student,9.38,10.06,1,164
Student,7.63,6.99,0,207
Regular,11.55,12.5,0,163
Regular,17.8,16.07,0,96
Premium,25.41,27.93,0,116
Regular,10.22,10.1,0,185
Premium,21.52,22.15,1,185
Student,9.57,9.02,0,152
Regular,16.09,17.66,0,119
Regular,15.49,14.93,0,114
Premium,21.32,21.98,0,131
Regular,12.55,13.34,0,141
Student,13.2,12.42,0,69
Premium,24.31,24.06,1,162
Regular,15.8,17.22,1,144
Premium,24.01,25.93,0,111
Regular,14.27,13.18,0,130
Regular,10.77,11.55,1,198
Student,11.0,10.85,0,93
Premium,26.1,23.74,1,131
Premium,26.88,28.29,0,110
Regular,12.13,11.07,0,157
Regular,15.97,17.39,0,120
Regular,11.53,11.02,0,180
Student,13.53,14.86,0,75
Regular,15.48,16.24,1,146
Premium,26.03,24.09,0,103
Student,9.72,10.58,0,100
Student,11.11,12.19,0,106
Regular,13.59,12.3,0,143
Student,11.54,11.06,0,87
Student,11.44,10.95,0,93
Regular,15.42,15.15,0,117
Student,7.47,7.17,0,235
Student,7.68,7.7,0,202
Premium,28.95,26.17,0,118
Student,9.45,8.86,1,139
Premium,24.8,24.04,0,124
Premium,26.1,28.2,0,121
Regular,11.13,11.86,0,183
Regular,13.13,13.42,0,123
Premium,22.34,21.55,0,130
Regular,18.2,19.16,0,98
Premium,24.15,23.1,0,112
Premium,25.9,27.93,0,108
Regular,15.28,13.9,0,111
Premium,21.57,21.8,1,165
Premium,23.31,24.87,0,110
Regular,14.33,13.46,0,108
Regular,12.32,11.82,1,194
Premium,27.81,29.13,0,113
Regular,15.35,16.06,0,114
Premium,25.95,26.48,0,116
Student,11.84,11.01,1,121
Regular,13.5,13.68,0,141
Premium,28.04,30.38,1,145
Regular,16.76,16.74,0,113
Regular,15.63,16.33,0,127
Premium,27.59,25.57,0,120
Premium,24.79,22.4,0,116
Premium,26.63,26.2,1,127
Student,9.27,9.41,0,131
Student,11.62,11.5,1,108
Student,11.42,11.15,0,98
Regular,18.2,17.41,0,105
Student,9.74,9.1,0,125
Student,14.12,13.07,1,70
Premium,26.0,24.17,0,95
Regular,15.76,15.72,1,150
Student,8.11,7.97,0,170
Student,8.78,9.1,0,155
Premium,25.38,26.42,0,138
Regular,18.67,17.1,0,89
Student,7.23,7.41,1,255
Regular,15.21,16.39,0,122
Regular,13.62,13.74,0,146
Premium,26.68,27.78,0,141
Premium,27.33,26.06,0,111
Student,10.34,9.51,0,112
Regular,20.06,18.63,0,76
Student,6.97,7.57,0,212
Student,7.94,8.51,0,193
Premium,25.64,25.85,0,114
Student,8.06,7.93,0,180
Student,7.61,7.46,0,201
Regular,16.29,17.02,0,110
Student,12.75,12.87,0,74
Student,7.99,7.92,0,179
Student,10.68,10.34,0,114
Regular,12.47,11.33,0,128
Regular,12.54,11.72,0,121
Premium,25.87,27.7,0,109
Student,12.82,13.36,0,76
Regular,18.7,20.46,0,99
Student,9.45,10.11,1,144
Regular,18.29,17.7,0,99
Premium,24.83,24.58,0,136
Student,10.14,11.06,0,124
Premium,24.74,26.03,0,135
Student,10.49,9.7,1,135
Student,8.37,7.67,0,159
Premium,23.11,24.29,0,123
Premium,23.35,21.19,1,168
Regular,16.32,16.91,1,134
Regular,15.89,16.57,0,109
Premium,23.47,25.17,0,108
Student,9.86,9.82,1,150
Premium,22.8,21.5,0,125
Premium,24.04,25.43,0,136
Regular,15.39,16.41,1,142
Premium,23.3,24.23,0,103
Student,9.5,8.64,0,129
Student,6.5,6.45,0,252
Regular,14.2,13.19,0,124
Regular,17.91,18.35,0,83
Student,10.22,10.23,1,136
Regular,14.02,13.61,0,125
Regular,14.0,14.23,0,143
Regular,14.19,12.93,0,146
Premium,22.1,23.68,1,137
Premium,24.86,25.83,1,141
Premium,24.18,26.14,0,114
Regular,11.27,10.32,1,218
Premium,21.46,23.38,0,127
Regular,14.26,14.11,1,155
Student,12.94,14.05,0,78
Premium,21.95,24.08,0,157
Premium,25.77,28.09,1,128
Premium,23.44,21.17,0,115
Regular,12.34,12.1,0,142
Regular,18.14,16.92,1,118
Premium,25.49,24.29,0,134
Premium,23.68,23.56,0,110
Student,12.99,13.55,0,84
Premium,25.97,24.99,1,162
Student,13.08,13.3,1,85
Regular,13.77,14.99,0,128
Premium,25.32,24.05,0,107
Premium,23.48,25.77,0,114
Student,7.39,7.1,1,234
Student,10.52,11.02,0,104
Regular,17.2,15.5,1,129
Premium,22.47,23.63,0,152
Regular,14.43,13.5,0,112
Premium,26.43,26.84,0,120
Premium,24.03,24.1,0,114
Student,10.76,9.88,0,120
Premium,27.82,29.59,0,111
Regular,13.41,14.42,0,124
Regular,16.23,17.59,0,117
Regular,15.66,16.74,0,124
Regular,16.86,17.44,1,129
Premium,26.22,28.22,1,136
Premium,24.14,24.45,1,165
Regular,15.59,14.08,1,140
Student,10.36,10.57,1,135
Student,12.85,14.1,0,87
Student,8.97,8.51,0,145
Student,13.82,14.8,0,60
Student,7.93,8.48,1,216
Student,5.87,6.08,0,351
Student,5.77,5.53,0,322
Premium,23.55,21.5,1,152
Student,9.6,10.48,1,142
Regular,14.38,14.13,1,147
Premium,26.27,27.97,0,112
Student,9.3,8.97,1,191
Premium,26.55,26.9,0,104
Premium,20.9,22.04,0,115
Student,9.93,9.12,0,110
Student,11.76,11.45,0,82
Premium,25.74,26.88,1,118
Student,10.45,10.09,0,113
Student,11.74,12.84,1,108
Premium,26.76,28.33,0,119
Student,6.84,7.09,1,275
Student,7.87,8.44,0,191
Student,11.9,12.29,0,93
Premium,23.06,22.56,0,124
Regular,13.75,12.43,0,153
Premium,25.76,24.82,0,116
Premium,27.33,25.06,0,126
Student,12.09,11.97,1,100
Premium,25.87,24.65,0,114
Premium,24.29,22.21,0,125
Regular,17.04,16.35,0,110
Regular,15.82,15.66,0,131
Premium,24.86,26.28,1,142
Premium,26.04,25.3,1,124
Premium,25.14,26.3,1,139
Premium,24.13,23.06,0,126
Premium,25.58,25.63,0,124
Student,7.21,6.79,0,224
Premium,24.76,23.93,1,155
Regular,15.49,14.15,0,116
Premium,24.79,26.65,0,126
Regular,18.81,17.05,0,87
Student,9.6,9.84,0,123
Regular,16.69,17.14,1,117
Regular,15.7,14.72,0,126
Regular,13.34,12.08,0,132
Regular,16.64,17.5,0,102
Student,11.19,10.6,0,101
Premium,27.37,29.44,0,112
Student,10.72,10.35,1,127
Regular,18.45,17.37,1,134
Regular,13.12,12.11,0,125
Premium,25.93,23.86,0,132
Regular,13.63,13.5,0,141
Student,11.45,11.89,0,102
Premium,25.81,26.31,0,108
Premium,28.01,29.91,0,115
Regular,16.58,15.69,0,130
Student,6.57,6.05,0,245
Premium,27.5,24.96,0,128
Premium,25.47,27.24,0,135
Student,8.55,8.92,1,188
Student,11.62,12.71,0,91
Student,10.72,9.79,0,100
Student,11.47,10.93,0,102
Premium,24.1,24.98,0,86
Student,8.06,8.01,0,168
Premium,23.71,23.55,0,94
Student,11.47,12.56,0,80
Regular,18.21,18.32,1,132
Regular,13.35,14.36,0,141
Student,9.68,10.59,0,124
Student,8.91,8.03,0,129
Regular,16.21,16.32,1,107
Student,12.9,11.87,1,86
Student,9.77,9.99,0,120
Regular,15.66,17.1,0,110
Regular,17.91,18.27,0,92
Premium,22.62,23.65,0,132
Premium,25.92,27.37,0,102
Regular,14.94,14.67,1,141
Regular,14.93,14.72,1,172
Student,10.25,9.93,0,121
Premium,23.38,24.17,0,101
Regular,12.77,12.29,0,162
Premium,24.95,24.75,1,142
Regular,15.91,14.77,0,111
Regular,18.42,18.99,0,102
Student,9.76,8.99,0,129
Premium,23.04,25.22,0,131
Premium,27.54,27.36,1,121
Premium,26.11,27.96,0,105
Regular,14.99,14.67,0,127
Regular,14.76,15.57,0,108
Premium,24.99,23.23,1,132
Student,11.55,10.51,0,87
Student,7.58,8.24,1,242
Premium,26.91,24.3,1,160
Student,2.16,2.14,0,1946
Student,10.17,10.54,0,117
Premium,25.35,27.23,1,149
Student,13.11,11.81,0,77
Student,14.37,13.81,0,65
Premium,24.46,26.77,0,125
Premium,26.97,27.22,1,155
Student,9.77,10.12,1,132
Student,11.74,12.58,0,114
Premium,21.82,23.81,0,131
Regular,12.85,11.9,0,129
Student,9.11,8.21,0,137
Student,7.82,8.41,1,249
Regular,17.79,18.0,0,102
Student,5.03,4.82,0,370
Student,11.12,11.75,0,110
Regular,14.09,14.23,0,124
Student,8.75,9.38,0,143
Regular,12.67,12.35,0,135
Premium,24.04,23.48,0,137
Premium,24.03,21.94,0,105
Student,10.37,10.78,0,89
Premium,24.52,25.14,1,152
Premium,25.79,23.3,0,123
Premium,25.68,24.27,0,120
Regular,15.76,15.2,1,132
Student,8.09,8.88,1,181
Regular,15.65,16.87,0,124
Regular,12.78,11.54,0,167
Premium,23.53,25.67,0,108
Premium,23.31,23.68,0,117
Premium,25.64,26.24,0,127
Regular,14.11,14.41,0,124
Premium,24.91,23.09,0,133
Student,12.22,12.92,0,99
Premium,23.56,24.4,1,159
Regular,16.45,15.0,0,118
Regular,16.2,16.18,0,132
Premium,24.18,22.24,0,108
Regular,15.33,16.32,0,120
Student,11.31,12.32,1,107
Premium,22.44,22.11,0,145
Student,9.59,10.12,1,127
Student,9.61,9.55,0,105
Regular,16.23,16.55,1,101
Regular,14.36,13.02,0,132
Student,12.6,12.79,1,95
Regular,13.74,13.03,0,119
Student,8.52,8.16,0,162
Student,9.0,8.4,0,141
Student,9.28,9.74,0,154
Regular,13.52,12.31,0,127
Student,9.11,9.46,1,161
Student,6.7,6.57,1,297
Premium,27.39,27.09,0,130
Student,9.8,9.77,0,125
Regular,15.35,13.97,0,107
Premium,27.0,28.33,0,107
Student,9.66,10.41,0,114
Student,10.43,9.75,0,118
Premium,28.62,26.44,0,119
Student,9.93,9.45,1,129
Regular,16.19,16.98,0,103
Premium,21.05,19.61,0,122
Regular,13.27,14.37,1,162
Student,11.73,10.69,0,99
Student,10.02,10.49,0,113
Student,6.46,6.1,0,280
Premium,23.92,23.77,0,113
Student,10.28,10.62,0,116
Student,8.69,8.77,0,174
Regular,15.12,16.12,1,141
Student,11.98,11.68,1,108
Regular,13.22,13.54,0,131
Student,6.65,7.28,0,237
Premium,23.06,24.06,0,106
Student,8.98,8.43,0,160
Regular,15.1,15.04,0,120
Premium,24.9,25.85,0,117
Premium,20.79,19.93,0,120
Student,9.56,8.98,1,195
Student,14.07,13.89,0,63
Student,9.44,10.04,1,161
Student,9.57,9.76,0,103
Regular,14.56,14.58,1,136
Premium,25.95,24.12,0,86
Student,11.52,12.67,0,88
Regular,14.88,13.72,0,118
Student,10.41,10.25,0,103
Premium,25.3,25.09,0,120
Student,7.16,6.66,0,268
Student,15.43,15.41,1,55
Premium,25.15,24.32,0,132
Premium,23.7,24.43,1,141
Student,10.05,9.85,0,125
Student,10.47,11.16,0,129
Premium,24.41,22.34,1,158
Premium,26.76,27.43,0,118
Regular,15.62,17.07,0,119
Premium,22.45,24.49,1,134
Premium,20.94,21.84,0,147
Premium,24.97,26.84,1,129
Regular,12.84,13.77,0,134
Student,10.55,10.71,1,144
Regular,16.55,15.86,0,88
Student,10.0,9.78,0,134
Regular,15.32,15.77,1,146
Student,9.78,9.5,0,133
Premium,27.37,27.11,1,146
Premium,23.45,22.45,0,124
Student,8.0,8.28,0,161
Regular,14.49,15.44,0,122
Student,12.32,12.61,0,80
Premium,26.02,26.2,0,137
Student,9.16,9.58,0,119
Premium,27.79,25.91,0,124
Premium,25.91,24.21,0,115
Premium,24.54,26.54,1,154
Student,9.29,9.81,0,127
Regular,16.18,16.8,1,130
Student,15.36,15.72,1,62
Regular,13.79,14.83,1,146
Student,9.27,9.39,0,132
Regular,17.0,17.14,0,108
Student,12.08,13.18,0,87
Regular,14.2,13.51,1,129
Premium,23.3,22.65,0,110
Student,7.68,8.07,0,176
Regular,17.17,16.92,0,108
Regular,14.49,14.91,0,139
Regular,15.85,14.74,1,122
Premium,23.28,22.68,1,142
Premium,25.93,25.5,0,100
Student,12.45,12.72,0,67
Student,10.44,11.24,1,110
Regular,15.28,16.25,0,123
Regular,13.49,12.66,1,140
Regular,13.0,11.71,0,150
Student,11.08,10.58,0,114
Student,10.57,9.78,1,134
Student,9.69,9.62,0,121
Regular,16.06,15.66,0,118
Student,11.56,12.65,0,90
Student,9.74,8.94,0,121
Regular,10.89,10.98,1,210
Premium,26.12,26.13,0,121
Regular,14.42,15.65,1,165
Regular,14.17,13.5,1,154
Regular,17.23,16.32,0,97
Student,8.41,7.72,0,139
Regular,12.53,12.21,0,146
Premium,23.85,23.53,0,133
Regular,15.24,15.52,0,104
Regular,17.76,17.89,1,121
Regular,18.62,18.74,0,100
Premium,26.75,25.62,0,124
Premium,21.62,21.49,0,118
Regular,17.1,18.57,0,106
Regular,14.16,12.95,0,141
Regular,14.52,15.87,0,117
Premium,30.83,32.83,0,115
Premium,22.02,22.68,1,154
Regular,16.04,16.46,0,106
Regular,11.15,11.52,1,191
Student,7.91,7.31,1,236
Student,6.97,6.85,1,266
Regular,17.48,15.82,0,98
Student,8.52,8.92,1,164
Student,12.11,12.53,0,93
Student,10.12,9.75,1,115
Premium,23.1,22.02,0,115
Regular,14.83,13.92,0,115
Premium,26.63,24.96,0,104
Regular,14.65,14.14,0,125
Premium,23.01,23.19,0,138
Student,7.48,7.4,1,206
Student,6.79,6.43,0,223
Premium,22.82,24.97,1,139
Regular,15.07,14.21,0,108
Student,8.45,8.79,0,148
Student,10.05,9.66,0,128
Student,10.0,9.21,0,147
Premium,28.3,29.34,0,109
Premium,21.88,22.58,0,153
Premium,26.48,28.24,0,102
Student,10.21,10.95,0,92
Regular,14.54,13.81,0,130
Student,10.43,10.0,0,125
Regular,13.76,14.95,1,189
Student,9.23,8.78,0,148
Regular,12.05,12.34,0,136
Regular,16.99,17.96,0,129
Student,14.6,15.77,1,62
Student,9.65,9.71,0,133
Regular,11.73,11.28,0,124
Regular,12.77,11.66,0,149
Regular,16.4,17.13,0,109
Student,8.77,7.91,1,181
Premium,28.15,27.92,0,125
Regular,16.65,15.6,1,132
Student,12.42,12.92,0,85
Student,8.39,9.16,1,195
Premium,22.74,23.79,0,112
Premium,25.58,24.79,1,147
Premium,26.19,24.64,1,167
Student,7.31,7.15,0,203
Regular,14.59,14.23,1,165
Premium,26.3,27.97,0,133
Regular,16.11,16.42,1,125
Student,12.4,11.21,0,79
Student,9.03,9.49,0,128
Student,9.47,8.62,0,113
Regular,11.95,11.96,0,130
Regular,17.14,17.81,0,101
Regular,15.46,14.26,0,128
Premium,22.81,22.53,1,160
Student,12.54,13.47,0,88
Student,12.87,12.16,0,69
Premium,25.18,26.67,0,128
Regular,16.36,17.17,1,130
Regular,12.86,13.99,1,170
Premium,25.33,26.35,0,124
Premium,24.67,27.09,0,115
Student,6.85,6.8,0,216
Regular,11.88,11.32,0,132
Regular,14.53,15.05,0,128
Premium,23.41,24.37,1,143
Regular,14.16,13.28,1,172
Regular,14.63,14.93,0,116
Premium,23.49,25.56,0,112
Premium,21.98,22.66,0,136
Premium,28.37,30.56,0,100
Regular,14.86,14.58,1,148
Premium,25.63,26.17,0,110
Regular,14.74,14.72,0,105
Premium,25.4,24.11,0,130
Premium,26.94,26.0,0,118
Student,9.04,8.9,0,148
Regular,15.55,16.71,1,153
Regular,13.84,14.93,1,157
Regular,14.24,15.48,1,153
Student,9.36,9.57,0,156
Student,9.78,9.77,0,113
Regular,16.76,16.83,0,120
Student,10.78,10.48,0,105
Premium,26.24,27.23,0,100
Premium,21.7,19.84,1,156
Student,9.48,10.38,0,125
Regular,13.89,14.96,0,132
Student,10.4,10.43,1,136
Premium,22.57,24.21,0,87
Student,8.72,8.95,0,161
Regular,13.9,13.59,1,173
Premium,27.0,27.0,0,126
Premium,26.05,28.55,0,114
Regular,12.77,13.5,0,139
Student,8.55,8.06,1,170
Premium,24.85,26.08,0,110
Regular,15.08,14.83,0,103
Regular,13.9,13.46,0,122
Premium,23.45,21.74,0,114
Premium,24.28,26.08,0,125
Student,13.83,15.04,0,70
Regular,13.27,12.15,0,146
Premium,23.48,21.82,1,163
Student,9.98,10.62,1,131
Student,9.9,9.08,0,140
Student,8.36,8.41,1,229
Premium,25.54,27.78,0,121
Premium,23.6,22.64,1,135
Premium,26.45,24.25,1,127
Premium,25.57,24.03,0,107
Regular,14.94,15.83,0,126
Regular,13.79,13.87,0,108
Premium,20.16,21.57,0,115
Regular,14.83,15.28,0,100
Regular,18.16,19.77,0,84
Premium,24.88,22.76,0,100
Premium,30.56,31.61,0,119
Premium,28.38,26.27,0,111
Student,9.45,9.88,1,158
Student,10.44,11.32,1,129
Premium,26.37,24.11,1,135
Regular,17.72,18.62,1,120
Regular,15.69,16.22,1,145
Regular,16.43,16.49,0,88
Premium,23.66,23.74,0,120
Regular,12.88,12.9,0,138
Student,8.48,8.41,0,168
Regular,11.8,12.23,1,180
Regular,12.19,11.91,0,138
Student,10.89,11.63,0,115
Premium,24.19,25.88,0,128
Premium,28.22,27.29,0,116
Student,7.47,6.79,0,198
Regular,12.57,13.74,1,206
Premium,21.5,23.2,0,141
Regular,16.5,15.96,0,103
Student,9.02,8.5,0,140
Regular,12.84,13.74,1,161
Premium,24.65,25.37,0,111
Premium,27.44,30.05,0,108
Student,11.31,11.73,0,84
Regular,15.43,16.25,1,119
Student,7.71,7.88,0,223
Regular,14.54,15.54,0,121
Premium,24.77,22.34,0,125
Regular,16.74,15.17,0,125
Premium,26.88,26.47,1,134
Regular,13.63,14.75,0,120
Premium,24.63,26.06,1,176
Regular,15.24,15.83,0,120
Premium,25.62,24.47,0,114
Premium,24.05,24.11,0,160
Regular,17.54,18.9,0,97
Student,8.47,8.32,0,177
Student,5.73,5.79,1,329
Student,8.89,8.14,0,132
Premium,27.41,26.12,0,129
Student,7.19,7.69,0,227
Regular,13.14,14.04,0,144
Student,13.93,15.03,0,52
Premium,27.09,25.52,0,109
Premium,26.12,24.27,0,115
Student,9.29,9.41,0,126
Premium,26.69,27.09,0,105
Regular,16.17,15.82,0,111
Regular,15.98,17.5,0,131
Regular,17.12,16.4,0,113
Premium,26.84,25.15,0,100
Premium,22.55,22.74,0,130
Premium,24.69,24.53,0,121
Student,7.67,7.89,0,221
Premium,22.05,22.02,1,148
Regular,11.95,11.87,1,148
Regular,12.96,12.33,0,135
Premium,27.65,27.86,0,104
Premium,30.06,27.42,1,141
Student,9.16,9.65,0,136
Student,10.52,11.28,0,119
Premium,22.95,23.79,1,172
Regular,11.12,11.94,0,162
Student,10.39,11.26,1,131
Student,11.65,10.67,0,75
Premium,24.92,24.71,1,146
Premium,24.98,24.78,1,128
Premium,26.57,26.92,0,127
Student,10.73,10.17,0,106
Regular,17.21,18.68,0,101
Premium,22.75,23.05,0,125
Premium,28.8,31.6,0,112
Premium,26.75,27.28,0,120
Student,10.61,9.98,1,121
Premium,25.93,24.11,1,162
Regular,15.93,17.17,1,128
Student,9.29,8.44,1,168
Premium,19.59,21.12,0,138
Student,10.85,11.75,0,108
Regular,17.47,17.38,1,118
Premium,25.0,24.61,0,96
Premium,27.14,27.17,0,128
Premium,25.63,27.65,0,135
Student,10.43,10.93,0,99
Premium,25.75,24.44,1,149
Regular,13.74,12.87,0,114
Regular,18.79,19.82,0,96
Premium,23.68,22.17,0,125
Student,10.18,10.46,1,141
Premium,23.95,24.69,0,105
Premium,23.69,21.55,1,152
Student,12.35,13.55,1,116
Student,7.11,6.62,0,201
Student,9.2,9.91,1,194
Regular,15.44,15.05,0,116
Regular,16.22,16.79,0,119
Regular,12.43,12.09,0,142
Premium,26.06,25.77,0,99
Premium,26.81,24.53,0,121
Premium,25.83,26.9,1,146
Premium,23.95,22.01,1,161
Premium,25.27,24.25,0,127
Student,12.01,12.67,1,94
Premium,25.39,24.08,0,119
Student,8.62,9.12,0,155
Student,7.98,7.31,0,176
Premium,27.77,28.38,0,117
Student,12.78,13.09,1,99
Regular,12.84,12.29,0,144
Regular,17.66,18.39,0,94
Student,5.76,5.71,0,320
Regular,14.55,15.19,0,132
Regular,17.49,18.84,0,96
Regular,11.53,12.65,1,186
Premium,24.52,24.54,0,118
Premium,24.84,24.2,0,123
Student,9.16,10.08,0,142
Student,11.21,11.4,0,94
Student,9.28,9.36,0,139
Premium,26.72,29.25,0,117
Student,10.24,9.24,0,105
Premium,23.87,22.63,0,126
Regular,13.46,14.18,0,155
Premium,24.83,25.77,1,141
Premium,26.18,26.86,1,138
Premium,26.99,25.48,0,112
Student,8.14,7.94,0,193
Student,7.79,7.57,1,187
Premium,24.06,22.34,0,142
Student,12.27,11.61,0,97
Regular,12.61,12.86,0,127
Premium,21.37,21.48,0,114
Regular,15.5,16.78,1,121
Student,9.09,8.92,0,151
Premium,24.35,25.43,0,122
Premium,21.66,20.3,0,141
Premium,25.52,25.07,0,123
Student,9.17,8.87,1,183
Student,9.25,9.22,0,131
Premium,27.17,25.18,1,136
Premium,23.45,25.02,1,189
Student,7.46,6.87,0,196
Student,9.52,10.03,1,150
Premium,25.49,26.55,0,146
Regular,17.5,16.52,0,100
Premium,23.66,24.97,0,105
Student,13.44,12.47,0,76
Regular,10.84,10.36,0,174
Student,8.03,8.3,0,167
Student,7.56,7.22,0,206
Premium,26.62,24.05,0,107
Premium,27.56,26.65,1,145
Regular,12.8,12.28,1,202
Student,12.9,12.84,1,82
Premium,22.9,25.12,1,159
Student,4.88,4.56,0,424
Regular,14.34,15.42,0,131
Student,8.93,8.1,0,154
Regular,14.26,13.99,0,130
Regular,13.82,14.62,0,135
Premium,25.26,26.71,1,138
Regular,16.04,16.55,0,105
Regular,14.38,13.53,0,113
Regular,18.71,18.22,0,109
Student,16.17,16.08,0,52
Premium,25.19,26.61,0,123
Regular,12.79,13.9,1,173
Regular,14.09,15.45,0,145
Regular,15.61,16.71,0,112
Regular,15.17,15.34,0,106
Student,10.96,11.05,0,92
Premium,21.25,21.91,1,141
Premium,22.06,22.28,0,97
Premium,24.52,26.35,0,89
Regular,15.46,16.27,0,113
Student,11.95,10.8,0,88
Student,10.01,10.11,1,149
Regular,14.83,14.87,1,161
Regular,15.97,16.72,1,147
Student,10.42,10.3,1,146
Regular,15.12,15.23,0,130
Student,12.72,13.16,0,66
Student,8.24,8.09,1,191
Student,10.9,11.51,0,90
Student,10.22,9.47,0,110
Regular,15.66,14.84,0,71
Premium,24.44,25.68,0,127
Student,8.54,7.91,0,135
Regular,14.34,15.58,0,134
Student,9.39,9.77,0,151
Premium,25.25,25.58,1,146
Premium,22.5,22.86,1,140
Regular,14.35,13.53,0,134
Premium,26.99,26.21,1,154
Premium,25.03,25.95,0,133
Premium,24.01,23.14,0,106
Regular,13.31,12.31,0,160
Student,6.39,6.69,1,279
Premium,24.34,21.98,1,163
Student,9.0,9.14,0,152
Regular,14.69,13.44,1,161
Premium,26.0,23.79,0,98
Premium,23.88,23.38,0,109
Regular,13.66,13.24,0,130
Premium,26.75,26.5,0,123
Regular,13.01,14.16,0,142
Regular,11.86,10.95,1,214
Student,14.1,14.35,0,65
Premium,27.01,25.74,1,182
Regular,13.5,13.6,0,123
Regular,11.15,10.19,1,214
Regular,16.01,15.55,0,121
Premium,24.37,23.61,0,118
Student,9.84,9.75,0,115
Regular,15.81,15.28,0,107
Premium,21.9,21.91,1,174
Premium,25.3,23.57,0,126
Premium,23.16,23.64,1,122
Premium,26.64,25.82,1,153
Regular,12.16,12.64,1,185
Premium,28.54,28.6,0,86
Premium,27.85,29.35,0,112
Student,8.65,8.73,0,195
Student,11.45,10.71,0,105
Regular,12.82,13.75,0,137
Regular,13.9,13.23,0,122
Student,9.71,8.8,1,150
Student,8.18,8.49,0,182
Student,10.21,9.83,0,104
Regular,17.84,19.44,0,86
Regular,17.46,17.05,0,105
Student,12.15,10.96,0,75
Premium,22.82,22.57,0,127
Premium,29.27,29.5,0,104
Premium,28.35,26.31,0,111
Regular,14.36,13.36,0,125
Student,11.08,11.64,0,94
Student,9.34,10.15,0,136
Regular,13.8,13.5,0,128
Regular,14.84,16.11,0,134
Regular,19.21,19.62,0,76
Regular,10.46,10.65,0,160
Student,8.62,8.08,0,155
Student,10.29,9.52,0,96
Student,10.85,11.38,1,117
Regular,15.62,15.36,1,135
Regular,15.27,15.48,0,110
Regular,12.55,11.98,0,152
Premium,26.34,27.62,0,106
Regular,14.25,12.9,0,130
Regular,12.89,11.69,0,152
Regular,15.69,16.79,1,128
Regular,14.86,14.65,0,141
Premium,23.35,23.08,0,108
Student,8.39,8.35,1,190
Premium,25.71,27.18,0,103
Premium,25.47,26.56,0,117
Student,8.35,7.71,0,166
Premium,21.43,20.19,0,129
Premium,22.01,22.24,1,152
Regular,11.25,11.98,1,210
Premium,25.41,26.11,0,102
Premium,22.18,20.66,0,119
Premium,23.96,21.99,1,151
Premium,24.26,25.74,0,129
Regular,14.55,14.28,1,143
Regular,15.78,15.67,1,135
Regular,17.06,18.4,0,99
Premium,24.85,22.88,0,130
Regular,17.77,19.23,1,114
Premium,26.03,24.78,1,134
Premium,24.11,24.51,0,110
Student,11.28,11.92,0,98
Student,7.91,7.91,0,186
Student,14.37,13.79,0,59
Regular,16.64,16.34,0,114
Regular,17.61,17.17,0,93
Regular,12.41,13.56,1,201
Premium,22.26,22.44,0,105
Regular,16.31,17.02,1,135
Student,7.65,8.25,1,271
Premium,25.42,23.99,0,120
Premium,23.99,24.63,1,159
Student,8.79,8.97,1,185
Regular,13.3,12.0,0,143
Student,7.31,7.29,0,174
Regular,15.59,16.04,0,97
Student,8.18,8.41,0,150
Premium,25.48,27.19,0,141
Student,6.14,5.94,0,262
Premium,26.58,26.02,0,123
Premium,23.37,21.4,0,149
Regular,14.59,15.36,0,132
Premium,25.48,25.65,0,146
Student,10.49,11.17,0,110
Premium,24.77,24.28,0,120
Regular,13.64,14.56,0,145
Student,10.98,11.7,0,109
Student,10.88,11.34,0,105
Regular,12.61,11.98,0,155
Student,10.76,10.37,0,128
Regular,14.73,14.33,1,158
Student,6.99,6.45,0,227
Regular,16.69,15.97,0,97
Premium,23.26,21.17,0,119
Regular,17.15,15.95,0,111
Student,9.28,9.82,0,125
Regular,15.67,15.87,0,116
Regular,16.6,18.19,0,91
Student,9.42,9.17,0,146
Premium,24.85,24.92,0,121
Premium,24.16,23.25,0,96
Regular,20.52,19.15,1,99
Regular,16.03,14.97,1,159
Premium,27.62,29.88,1,116
Student,11.09,10.14,0,112
Regular,14.34,14.02,0,136
Regular,14.58,13.4,0,114
Regular,13.93,14.04,1,140
Premium,22.23,22.46,0,125
Premium,22.25,21.38,0,123
Student,7.95,8.65,0,207
Student,7.55,7.64,1,254
Regular,16.93,18.26,1,116
Premium,25.57,24.49,1,170
Student,10.24,9.48,1,154
Premium,24.56,23.11,0,138
Student,10.95,11.16,0,123
Student,9.42,9.73,0,167
Student,7.46,6.75,1,261
Regular,17.77,19.33,0,94
Premium,21.99,23.3,0,128
Regular,13.06,12.23,1,171
Regular,17.11,17.35,1,122
Premium,25.62,23.57,0,120
Regular,11.65,12.61,0,158
Regular,13.05,12.5,0,141
Student,10.03,9.16,0,118
